Name,Subtitle,Acceleration,TopSpeed,Range,Efficiency,FastChargeSpeed,Drive,NumberofSeats,PriceinGermany,PriceinUK,AveragePrice,RangePerPrice,EnergyEfficiency,SpeedCategory,RangeCategory,PriceCategory,Drive_encoded,SpeedCategory_encoded,RangeCategory_encoded,PriceCategory_encoded
Lucid Air Dream Edition P,118 kWh useable battery          Available since January 2022,2.7,270.0,645.0,183.0,820.0,All Wheel Drive,5,218000.0,0.0,109000.0,0.005917376904799039,3.505434782608696,Very Fast,Very Long,Premium,0,3,3,3
Porsche Taycan Turbo S,83.7 kWh useable battery          Available since January 2020,2.8,260.0,400.0,209.0,980.0,All Wheel Drive,4,189668.0,142400.0,166034.0,0.002409130604992923,1.9047619047619047,Very Fast,Medium,Luxury,0,3,1,1
Audi e-tron GT RS,85 kWh useable battery          Available since March 2021,3.3,250.0,405.0,210.0,1000.0,All Wheel Drive,4,146050.0,115000.0,130525.0,0.003102830087492147,1.919431279620853,Fast,Long,Premium,0,0,0,3
Renault Zoe ZE50 R110,52 kWh useable battery          Available since November 2019,11.4,135.0,315.0,165.0,230.0,Front Wheel Drive,5,36840.0,0.0,18420.0,0.01710004885728245,1.8975903614457832,Slow,Medium,Budget,1,2,1,0
Audi Q4 e-tron 35,52 kWh useable battery          Available since June 2021,9.0,160.0,285.0,182.0,360.0,Rear Wheel Drive,5,0.0,0.0,0.0,285.0,1.5573770491803278,Medium,Short,,2,1,2,4
Tesla Model Y Performance,75 kWh useable battery          Available since March 2022,3.7,250.0,415.0,181.0,640.0,All Wheel Drive,5,63667.0,59990.0,61828.5,0.006712006404709726,2.28021978021978,Fast,Long,Mid-range,0,0,0,2
Porsche Taycan 4 Cross Turismo,83.7 kWh useable battery          Available since July 2021,5.1,220.0,425.0,197.0,1050.0,All Wheel Drive,4,98514.0,84500.0,91507.0,0.004644402675175941,2.1464646464646466,Fast,Long,Mid-range,0,0,0,2
Renault Zoe ZE50 R135,52 kWh useable battery          Available since November 2019,9.5,140.0,310.0,168.0,230.0,Front Wheel Drive,5,37840.0,29995.0,33917.5,0.009139555110043192,1.834319526627219,Slow,Medium,Budget,1,2,1,0
Porsche Taycan Turbo,83.7 kWh useable battery          Available since January 2020,3.2,260.0,415.0,202.0,1020.0,All Wheel Drive,4,156348.0,119900.0,138124.0,0.003004524886877828,2.044334975369458,Very Fast,Long,Premium,0,3,0,3
Smart EQ fortwo coupe,16.7 kWh useable battery          Available since January 2020,11.6,130.0,100.0,167.0,0.0,Rear Wheel Drive,2,21940.0,0.0,10970.0,0.009114939385653085,0.5952380952380952,Slow,Short,Budget,2,2,2,0
Smart EQ fortwo cabrio,16.7 kWh useable battery          Available since January 2020,11.9,130.0,95.0,176.0,0.0,Rear Wheel Drive,2,25200.0,0.0,12600.0,0.0075390841996666935,0.536723163841808,Slow,Short,Budget,2,2,2,0
Honda e Advance,28.5 kWh useable battery          Available since August 2020,8.3,145.0,170.0,168.0,180.0,Rear Wheel Drive,4,39900.0,36920.0,38410.0,0.004425815521595377,1.0059171597633136,Slow,Short,Budget,2,2,2,0
Porsche Taycan 4S,71 kWh useable battery          Available since May 2020,4.0,250.0,395.0,180.0,970.0,All Wheel Drive,4,108867.0,86500.0,97683.5,0.004043630258638781,2.18232044198895,Fast,Medium,Mid-range,0,0,1,2
Porsche Taycan 4S Plus,83.7 kWh useable battery          Available since April 2020,4.0,250.0,460.0,182.0,1130.0,All Wheel Drive,4,114389.0,90406.0,102397.5,0.004492253304491765,2.5136612021857925,Fast,Long,Premium,0,0,0,3
Mercedes EQV 300 Long,90 kWh useable battery          Available since September 2020,12.1,160.0,305.0,295.0,310.0,Front Wheel Drive,7,71626.0,83530.0,77578.0,0.003931476301576458,1.0304054054054055,Medium,Medium,Mid-range,1,1,1,2
Lexus UX 300e,45 kWh useable battery          Available since November 2020,7.5,160.0,235.0,191.0,150.0,Front Wheel Drive,5,47550.0,0.0,23775.0,0.009883916554508747,1.2239583333333333,Medium,Short,Budget,1,1,2,0
BMW i4 eDrive40,80.7 kWh useable battery          Available since November 2021,5.7,190.0,470.0,172.0,730.0,Rear Wheel Drive,5,59200.0,57890.0,58545.0,0.008027875516687733,2.7167630057803467,Medium,Long,Mid-range,2,1,0,2
Renault Twingo Electric,21.3 kWh useable battery          Available since November 2020,12.6,135.0,130.0,164.0,0.0,Rear Wheel Drive,4,28000.0,0.0,14000.0,0.009285051067780872,0.7878787878787878,Slow,Short,Budget,2,2,2,0
Fiat 500e Cabrio 42 kWh,37.3 kWh useable battery          Available since November 2020,9.0,150.0,230.0,162.0,380.0,Front Wheel Drive,4,37990.0,33645.0,35817.5,0.0064212627552800924,1.4110429447852761,Slow,Short,Budget,1,2,2,0
Skoda Enyaq iV 60,58 kWh useable battery          Available since April 2021,8.7,160.0,325.0,178.0,440.0,Rear Wheel Drive,5,0.0,38970.0,19485.0,0.01667864107564405,1.8156424581005586,Medium,Medium,Budget,2,1,1,0
Skoda Enyaq iV 80,77 kWh useable battery          Available since April 2021,8.6,160.0,420.0,183.0,530.0,Rear Wheel Drive,5,48900.0,42925.0,45912.5,0.009147636316116176,2.282608695652174,Medium,Long,Budget,2,1,0,0
Skoda Enyaq iV 80x,77 kWh useable battery          Available since June 2021,6.9,160.0,400.0,193.0,500.0,All Wheel Drive,5,0.0,51765.0,25882.5,0.01545386056754303,2.0618556701030926,Medium,Medium,Budget,0,1,1,0
Skoda Enyaq iV RS,77 kWh useable battery          Available since October 2022,6.2,180.0,390.0,197.0,540.0,All Wheel Drive,5,63300.0,0.0,31650.0,0.012321885564437142,1.9696969696969697,Medium,Medium,Budget,0,1,1,0
Fiat 500e Hatchback 42 kWh,37.3 kWh useable battery          Available since November 2020,9.0,150.0,235.0,159.0,390.0,Front Wheel Drive,4,34990.0,30645.0,32817.5,0.0071605953958895135,1.46875,Slow,Short,Budget,1,2,2,0
Audi Q4 Sportback e-tron 35,52 kWh useable battery          Available since August 2021,9.0,160.0,295.0,176.0,370.0,Rear Wheel Drive,5,0.0,0.0,0.0,295.0,1.6666666666666667,Medium,Short,,2,1,2,4
Nissan Ariya 63kWh,63 kWh useable battery          Available since July 2022,7.5,160.0,320.0,197.0,430.0,Front Wheel Drive,5,47490.0,46145.0,46817.5,0.006834905005499963,1.6161616161616161,Medium,Medium,Budget,1,1,1,0
Nissan Ariya 87kWh,87 kWh useable battery          Available since July 2022,7.6,160.0,435.0,200.0,520.0,Front Wheel Drive,5,58990.0,51895.0,55442.5,0.007845825029083662,2.1641791044776117,Medium,Long,Mid-range,1,1,0,2
Nissan Ariya e-4ORCE 87kWh - 225 kW,87 kWh useable battery          Available since July 2022,5.7,200.0,420.0,207.0,500.0,All Wheel Drive,5,61990.0,54595.0,58292.5,0.0072049199310386235,2.019230769230769,Medium,Long,Mid-range,0,1,0,2
Nissan Ariya e-4ORCE 87kWh - 290 kW,87 kWh useable battery          Available since April 2023,5.1,200.0,420.0,207.0,500.0,All Wheel Drive,5,71490.0,0.0,35745.0,0.011749566385050076,2.019230769230769,Medium,Long,Budget,0,1,0,0
Volkswagen ID.4 Pro Performance,77 kWh useable battery          Available since January 2021,8.5,160.0,410.0,188.0,520.0,Rear Wheel Drive,5,46335.0,46035.0,46185.0,0.008877148919586022,2.1693121693121693,Medium,Long,Budget,2,1,0,0
Mercedes EQV 300 Extra-Long,90 kWh useable battery          Available since October 2020,12.1,160.0,305.0,295.0,310.0,Front Wheel Drive,7,72519.0,0.0,36259.5,0.00841135671047007,1.0304054054054055,Medium,Medium,Budget,1,1,1,0
Lucid Air Grand Touring,112 kWh useable battery          Available since February 2023,3.2,270.0,665.0,168.0,840.0,All Wheel Drive,5,174500.0,0.0,87250.0,0.00762168914969456,3.93491124260355,Very Fast,Very Long,Mid-range,0,3,3,2
Lucid Air Touring,88 kWh useable battery          Expected from June 2023,3.3999999999999995,250.0,550.0,160.0,960.0,All Wheel Drive,5,120000.0,0.0,60000.0,0.009166513891435142,3.4161490683229814,Fast,Very Long,Mid-range,0,0,3,2
Lucid Air Pure,88 kWh useable battery          Expected from June 2023,4.2,200.0,560.0,157.0,980.0,Rear Wheel Drive,5,100000.0,0.0,50000.0,0.011199776004479911,3.5443037974683542,Medium,Very Long,Budget,2,1,3,0
Fiat 500e Hatchback 24 kWh,21.3 kWh useable battery          Available since November 2020,9.0,135.0,135.0,158.0,230.0,Front Wheel Drive,4,30990.000000000004,0.0,15495.000000000002,0.008711925658234383,0.8490566037735849,Slow,Short,Budget,1,2,2,0
Fiat 500e 3+1 42 kWh,37.3 kWh useable battery          Available since November 2020,9.0,150.0,235.0,159.0,390.0,Front Wheel Drive,4,36990.0,0.0,18495.0,0.01270544982698962,1.46875,Slow,Short,Budget,1,2,2,0
Mercedes EQC 400 4MATIC,80 kWh useable battery          Available since November 2020,5.1,180.0,370.0,216.0,440.0,All Wheel Drive,5,66069.0,72335.0,69202.0,0.005346589020707195,1.705069124423963,Medium,Medium,Mid-range,0,1,1,2
Citroen e-SpaceTourer M 50 kWh,46.3 kWh useable battery          Available since November 2020,12.1,130.0,185.0,250.0,290.0,Front Wheel Drive,7,53640.0,47495.0,50567.5,0.0036584039471212314,0.7370517928286853,Slow,Short,Mid-range,1,2,2,2
Citroen e-SpaceTourer XL 50 kWh,46.3 kWh useable battery          Available since November 2020,12.1,130.0,180.0,257.0,290.0,Front Wheel Drive,7,54430.0,48335.0,51382.5,0.003503070051670283,0.6976744186046512,Slow,Short,Mid-range,1,2,2,2
Citroen e-SpaceTourer M 75 kWh,68 kWh useable battery          Available since February 2021,13.3,130.0,265.0,257.0,290.0,Front Wheel Drive,7,59640.0,0.0,29820.0,0.008886355253009624,1.0271317829457365,Slow,Short,Budget,1,2,2,0
Citroen e-SpaceTourer XL 75 kWh,68 kWh useable battery          Available since February 2021,13.3,130.0,260.0,262.0,280.0,Front Wheel Drive,7,60430.0,0.0,30215.0,0.008604712734974847,0.9885931558935361,Slow,Short,Budget,1,2,2,0
Opel Zafira-e Life M 50 kWh,46.3 kWh useable battery          Available since November 2020,12.1,130.0,185.0,250.0,290.0,Front Wheel Drive,7,63250.0,50630.0,56940.0,0.0032489770112923903,0.7370517928286853,Slow,Short,Mid-range,1,2,2,2
Opel Zafira-e Life L 50 kWh,46.3 kWh useable battery          Available since November 2020,12.1,130.0,180.0,257.0,290.0,Front Wheel Drive,7,64075.0,50990.0,57532.5,0.0031286120260370044,0.6976744186046512,Slow,Short,Mid-range,1,2,2,2
Opel Zafira-e Life M 75 kWh,68 kWh useable battery          Available since February 2021,13.3,130.0,265.0,257.0,290.0,Front Wheel Drive,7,69250.0,0.0,34625.0,0.0076532085715936005,1.0271317829457365,Slow,Short,Budget,1,2,2,0
Opel Zafira-e Life L 75 kWh,68 kWh useable battery          Available since February 2021,13.3,130.0,260.0,262.0,280.0,Front Wheel Drive,7,70075.0,0.0,35037.5,0.007420408978694865,0.9885931558935361,Slow,Short,Budget,1,2,2,0
Peugeot e-Traveller Standard 50 kWh,46.3 kWh useable battery          Available since November 2020,13.1,130.0,185.0,250.0,290.0,Front Wheel Drive,7,53640.0,49100.0,51370.0,0.0036012536255864203,0.7370517928286853,Slow,Short,Mid-range,1,2,2,2
Peugeot e-Traveller Long 50 kWh,46.3 kWh useable battery          Available since November 2020,13.1,130.0,180.0,257.0,290.0,Front Wheel Drive,7,54430.0,54275.0,54352.5,0.003311654263294912,0.6976744186046512,Slow,Short,Mid-range,1,2,2,2
Peugeot e-Traveller Standard 75 kWh,68 kWh useable battery          Available since February 2021,14.3,130.0,265.0,257.0,290.0,Front Wheel Drive,7,59640.0,0.0,29820.0,0.008886355253009624,1.0271317829457365,Slow,Short,Budget,1,2,2,0
Peugeot e-Traveller Long 75 kWh,68 kWh useable battery          Available since February 2021,14.3,130.0,260.0,262.0,280.0,Front Wheel Drive,7,60430.0,0.0,30215.0,0.008604712734974847,0.9885931558935361,Slow,Short,Budget,1,2,2,0
Porsche Taycan ,71 kWh useable battery          Available since February 2021,5.4,230.0,410.0,173.0,1010.0,Rear Wheel Drive,4,88399.0,75500.0,81949.5,0.005003020115801612,2.3563218390804597,Fast,Long,Mid-range,2,0,0,2
Porsche Taycan Plus,83.7 kWh useable battery          Available since February 2021,5.4,230.0,475.0,176.0,1170.0,Rear Wheel Drive,4,94123.0,79549.0,86836.0,0.005470018540483895,2.6836158192090394,Fast,Long,Mid-range,2,0,0,2
Tesla Model S Dual Motor,95 kWh useable battery          Available since January 2023,3.2,250.0,570.0,167.0,790.0,All Wheel Drive,5,112990.0,100000.0,106495.0,0.005352313701923077,3.392857142857143,Fast,Very Long,Premium,0,0,3,3
Tesla Model S Plaid,95 kWh useable battery          Available since November 2022,2.1000000000000005,282.0,550.0,173.0,770.0,All Wheel Drive,5,137990.0,125000.0,131495.0,0.004182636734197238,3.160919540229885,Very Fast,Very Long,Premium,0,3,3,3
Tesla Model X Dual Motor,95 kWh useable battery          Available since January 2023,3.9,250.0,470.0,202.0,650.0,All Wheel Drive,7,120990.0,108000.0,114495.0,0.004104946897708217,2.315270935960591,Fast,Long,Premium,0,0,0,3
Tesla Model X Plaid,95 kWh useable battery          Available since November 2022,2.6000000000000005,262.0,455.0,209.0,630.0,All Wheel Drive,7,140990.0,128000.0,134495.0,0.0033830002379252916,2.1666666666666665,Very Fast,Long,Premium,0,3,0,3
Mini Cooper SE ,28.9 kWh useable battery          Available since March 2021,7.3,150.0,180.0,161.0,260.0,Front Wheel Drive,4,35700.0,29000.0,32350.0,0.005563970201848474,1.1111111111111112,Slow,Short,Budget,1,2,2,0
JAC iEV7s ,39 kWh useable battery          Available since February 2021,12.0,132.0,225.0,173.0,160.0,Front Wheel Drive,5,0.0,0.0,0.0,225.0,1.293103448275862,Slow,Short,,1,2,2,4
Volkswagen ID.4 Pure Performance,52 kWh useable battery          Available since January 2021,9.0,160.0,285.0,182.0,360.0,Rear Wheel Drive,5,0.0,40275.0,20137.5,0.014151997417881174,1.5573770491803278,Medium,Short,Budget,2,1,2,0
Audi e-tron GT quattro,85 kWh useable battery          Available since March 2021,4.1,245.0,420.0,202.0,1030.0,All Wheel Drive,4,106050.0,84000.0,95025.0,0.004419842990339486,2.0689655172413794,Fast,Long,Mid-range,0,0,0,2
Hyundai Kona Electric 39 kWh,39.2 kWh useable battery          Available since June 2021,9.9,155.0,250.0,157.0,220.0,Front Wheel Drive,5,36400.0,32450.0,34425.0,0.007261953174925928,1.5822784810126582,Medium,Short,Budget,1,1,2,0
Hyundai Kona Electric 64 kWh,64 kWh useable battery          Available since June 2021,7.9,167.0,395.0,162.0,370.0,Front Wheel Drive,5,42900.0,37750.0,40325.0,0.009795169369637455,2.423312883435583,Medium,Medium,Budget,1,1,1,0
Porsche Taycan 4S Cross Turismo,83.7 kWh useable battery          Available since July 2021,4.1,240.0,425.0,197.0,1050.0,All Wheel Drive,4,114222.0,91000.0,102611.0,0.00414181577203446,2.1464646464646466,Fast,Long,Premium,0,0,0,3
Porsche Taycan Turbo Cross Turismo,83.7 kWh useable battery          Available since July 2021,3.3,250.0,400.0,209.0,980.0,All Wheel Drive,4,157776.0,120900.0,139338.0,0.002870696646308643,1.9047619047619047,Fast,Medium,Premium,0,0,1,3
Porsche Taycan Turbo S Cross Turismo,83.7 kWh useable battery          Available since July 2021,2.8999999999999995,250.0,385.0,217.0,950.0,All Wheel Drive,4,191096.0,143400.0,167248.0,0.002301956962373467,1.7660550458715596,Fast,Medium,Luxury,0,0,1,1
Kia EV6 GT,74 kWh useable battery          Available since April 2022,3.5,260.0,370.0,200.0,970.0,All Wheel Drive,5,72990.0,62645.0,67817.5,0.005455738478438774,1.8407960199004976,Very Fast,Medium,Mid-range,0,3,1,2
BMW iX xDrive40,71 kWh useable battery          Available since October 2021,6.1,200.0,360.0,197.0,480.0,All Wheel Drive,5,77300.0,69905.0,73602.5,0.004891071756098555,1.8181818181818181,Medium,Medium,Mid-range,0,1,1,2
BMW iX xDrive50,105.2 kWh useable battery          Available since November 2021,4.6,200.0,505.0,208.0,680.0,All Wheel Drive,5,100100.0,99785.0,99942.5,0.005052854862997593,2.416267942583732,Medium,Very Long,Mid-range,0,1,3,2
MG MG5 Electric Long Range,57.4 kWh useable battery          Available since March 2022,7.7,185.0,335.0,171.0,330.0,Front Wheel Drive,5,38490.0,30995.0,34742.5,0.00964209132643516,1.947674418604651,Medium,Medium,Budget,1,1,1,0
MG Marvel R Performance,65 kWh useable battery          Available since October 2021,4.9,200.0,330.0,197.0,390.0,All Wheel Drive,5,50990.0,0.0,25495.0,0.01294320677753373,1.6666666666666667,Medium,Medium,Budget,0,1,1,0
Hyundai IONIQ 5 Standard Range 2WD,54 kWh useable battery          Available since July 2021,8.5,185.0,295.0,183.0,720.0,Rear Wheel Drive,5,43900.0,43150.0,43525.0,0.006777558241051326,1.6032608695652173,Medium,Short,Budget,2,1,2,0
Kia EV6 Standard Range 2WD,54 kWh useable battery          Available since October 2021,8.5,185.0,305.0,177.0,750.0,Rear Wheel Drive,5,46990.0,0.0,23495.0,0.01298093292475315,1.7134831460674158,Medium,Medium,Budget,2,1,1,0
Kia EV6 Long Range 2WD,74 kWh useable battery          Available since October 2021,7.3,185.0,410.0,180.0,1070.0,Rear Wheel Drive,5,51990.0,45245.0,48617.5,0.008433003897693265,2.265193370165746,Medium,Long,Budget,2,1,0,0
Kia EV6 Long Range AWD,74 kWh useable battery          Available since October 2021,5.2,185.0,400.0,185.0,1050.0,All Wheel Drive,5,55980.0,51745.0,53862.5,0.007426179138006256,2.150537634408602,Medium,Medium,Mid-range,0,1,1,2
Mercedes EQS 450+,107.8 kWh useable battery          Available since October 2021,6.2,210.0,640.0,168.0,960.0,Rear Wheel Drive,5,109551.0,105610.0,107580.5,0.005948978216514921,3.78698224852071,Fast,Very Long,Premium,2,0,3,3
Mercedes EQS 580 4MATIC,107.8 kWh useable battery          Available since October 2021,4.3,210.0,605.0,178.0,900.0,All Wheel Drive,5,141705.0,0.0,70852.5,0.008538745439533686,3.3798882681564244,Fast,Very Long,Mid-range,0,0,3,2
Volkswagen ID.4 Pure,52 kWh useable battery          Available since February 2021,10.9,160.0,285.0,182.0,360.0,Rear Wheel Drive,5,0.0,38845.0,19422.5,0.0146729477179705,1.5573770491803278,Medium,Short,Budget,2,1,2,0
Audi Q4 e-tron 40,76.6 kWh useable battery          Available since June 2021,8.5,160.0,405.0,189.0,510.0,Rear Wheel Drive,5,51900.0,49930.0,50915.0,0.007954277633749705,2.1315789473684212,Medium,Long,Mid-range,2,1,0,2
Audi Q4 e-tron 50 quattro,76.6 kWh useable battery          Available since July 2021,6.2,180.0,385.0,199.0,490.0,All Wheel Drive,5,57900.0,56310.0,57105.0,0.006741848492277519,1.925,Medium,Medium,Mid-range,0,1,1,2
Audi Q4 Sportback e-tron 50 quattro,76.6 kWh useable battery          Available since August 2021,6.2,180.0,400.0,192.0,500.0,All Wheel Drive,5,59900.0,57810.0,58855.0,0.006796248470844094,2.0725388601036268,Medium,Medium,Mid-range,0,1,1,2
Mercedes EQB 350 4MATIC,66.5 kWh useable battery          Available since February 2022,6.2,160.0,335.0,199.0,480.0,All Wheel Drive,7,58197.0,56810.0,57503.5,0.005825631037570973,1.675,Medium,Medium,Mid-range,0,1,1,2
Mercedes EQA 300 4MATIC,66.5 kWh useable battery          Available since May 2021,7.7,160.0,350.0,190.0,500.0,All Wheel Drive,5,53746.0,53010.0,53378.0,0.006556885666647932,1.8324607329842932,Medium,Medium,Mid-range,0,1,1,2
Mercedes EQA 350 4MATIC,66.5 kWh useable battery          Available since May 2021,6.0,160.0,350.0,190.0,500.0,All Wheel Drive,5,56424.0,54510.0,55467.0,0.0063099444724886425,1.8324607329842932,Medium,Medium,Mid-range,0,1,1,2
Toyota PROACE Verso M 75 kWh,68 kWh useable battery          Available since October 2021,13.1,130.0,265.0,257.0,290.0,Front Wheel Drive,7,64530.0,0.0,32265.0,0.008212979607016673,1.0271317829457365,Slow,Short,Budget,1,2,2,0
Toyota PROACE Verso L 75 kWh,68 kWh useable battery          Available since October 2021,13.1,130.0,260.0,262.0,280.0,Front Wheel Drive,7,65385.0,0.0,32692.5,0.007952651138605533,0.9885931558935361,Slow,Short,Budget,1,2,2,0
CUPRA Born 150 kW - 58 kWh,58 kWh useable battery          Available since October 2021,7.3,160.0,350.0,166.0,470.0,Rear Wheel Drive,5,39370.0,36475.0,37922.5,0.009229105963320897,2.095808383233533,Medium,Medium,Budget,2,1,1,0
CUPRA Born 170 kW - 58 kWh,58 kWh useable battery          Available since March 2022,6.6,160.0,345.0,168.0,460.0,Rear Wheel Drive,5,40750.0,39205.0,39977.5,0.008629638430656478,2.0414201183431953,Medium,Medium,Budget,2,1,1,0
CUPRA Born 170 kW - 77 kWh,77 kWh useable battery          Available since March 2022,7.0,160.0,450.0,171.0,570.0,Rear Wheel Drive,4,46450.0,41975.0,44212.5,0.010177886844515815,2.616279069767442,Medium,Long,Budget,2,1,0,0
BMW i4 M50,80.7 kWh useable battery          Available since November 2021,3.9,225.0,435.0,186.0,670.0,All Wheel Drive,5,70800.0,71085.0,70942.5,0.006131639967016006,2.3262032085561497,Fast,Long,Mid-range,0,0,0,2
Renault Megane E-Tech EV60 220hp,60 kWh useable battery          Available since April 2022,7.4,160.0,360.0,167.0,500.0,Front Wheel Drive,5,46600.0,36995.0,41797.5,0.00861274926133713,2.142857142857143,Medium,Medium,Budget,1,1,1,0
Peugeot e-Rifter Standard 50 kWh,46.3 kWh useable battery          Available since July 2021,11.7,135.0,205.0,226.0,330.0,Front Wheel Drive,7,41240.0,32300.0,36770.0,0.005575045552201463,0.9030837004405287,Slow,Short,Budget,1,2,2,0
Peugeot e-Rifter Long 50 kWh,46.3 kWh useable battery          Available since July 2021,11.7,135.0,200.0,232.0,320.0,Front Wheel Drive,7,42440.0,34300.0,38370.0,0.00521226968283339,0.8583690987124464,Slow,Short,Budget,1,2,2,0
MG Marvel R ,65 kWh useable battery          Available since October 2021,7.9,200.0,335.0,194.0,400.0,Rear Wheel Drive,5,46990.0,0.0,23495.0,0.014257745999319033,1.7179487179487178,Medium,Medium,Budget,2,1,1,0
Audi Q4 e-tron 45 quattro,76.6 kWh useable battery          Available since August 2021,6.9,180.0,385.0,199.0,490.0,All Wheel Drive,5,53990.0,0.0,26995.0,0.014261372055119277,1.925,Medium,Medium,Budget,0,1,1,0
Audi Q4 Sportback e-tron 40,76.6 kWh useable battery          Available since August 2021,8.5,160.0,425.0,180.0,540.0,Rear Wheel Drive,5,53900.0,51430.0,52665.0,0.008069722401549387,2.3480662983425415,Medium,Long,Mid-range,2,1,0,2
BMW iX3 ,74 kWh useable battery          Available since September 2021,6.8,180.0,385.0,192.0,520.0,Rear Wheel Drive,5,67300.0,64165.0,65732.5,0.005856983121239551,1.994818652849741,Medium,Medium,Mid-range,2,1,1,2
Renault Megane E-Tech EV40 130hp,40 kWh useable battery          Available since April 2022,10.0,150.0,250.0,160.0,360.0,Front Wheel Drive,5,42000.0,0.0,21000.0,0.011904195038331507,1.5527950310559007,Slow,Short,Budget,1,2,2,0
Mercedes EQS AMG 53 4MATIC+,107.8 kWh useable battery          Available since February 2022,3.3999999999999995,250.0,565.0,191.0,840.0,All Wheel Drive,5,155009.0,161860.0,158434.5,0.0035661199668003698,2.9427083333333335,Fast,Very Long,Luxury,0,0,3,1
Mercedes EQE 350+,90.6 kWh useable battery          Available since April 2022,6.4,210.0,525.0,173.0,780.0,Rear Wheel Drive,5,0.0,0.0,0.0,525.0,3.0172413793103448,Fast,Very Long,,2,0,3,4
MG ZS EV Standard Range,49 kWh useable battery          Available since November 2021,8.6,175.0,270.0,181.0,260.0,Front Wheel Drive,5,33990.0,29495.0,31742.5,0.008505678327846647,1.4835164835164836,Medium,Short,Budget,1,1,2,0
MG ZS EV Long Range,68.3 kWh useable battery          Available since November 2021,8.4,175.0,365.0,187.0,410.0,Front Wheel Drive,5,37990.0,31995.0,34992.5,0.010430508523011417,1.9414893617021276,Medium,Medium,Budget,1,1,1,0
Mercedes EQV 250 Long,60 kWh useable battery          Available since October 2021,12.0,160.0,205.0,293.0,190.0,Front Wheel Drive,7,68056.0,0.0,34028.0,0.0060242734138528905,0.6972789115646258,Medium,Short,Budget,1,1,2,0
Mercedes EQV 250 Extra-Long,60 kWh useable battery          Available since October 2021,12.0,160.0,205.0,293.0,190.0,Front Wheel Drive,7,68949.0,0.0,34474.5,0.005946251685979898,0.6972789115646258,Medium,Short,Budget,1,1,2,0
Opel Combo-e Life 50 kWh,46.3 kWh useable battery          Available since October 2021,11.7,135.0,205.0,226.0,330.0,Front Wheel Drive,7,43050.0,34035.0,38542.5,0.005318665922918261,0.9030837004405287,Slow,Short,Budget,1,2,2,0
Opel Combo-e Life XL 50 kWh,46.3 kWh useable battery          Available since October 2021,11.7,135.0,200.0,232.0,320.0,Front Wheel Drive,7,44750.0,34635.0,39692.5,0.005038608336377493,0.8583690987124464,Slow,Short,Budget,1,2,2,0
Citroen e-Berlingo M 50 kWh,46.3 kWh useable battery          Available since September 2021,11.7,135.0,205.0,226.0,330.0,Front Wheel Drive,5,37790.0,31495.0,34642.5,0.005917415965476929,0.9030837004405287,Slow,Short,Budget,1,2,2,0
Citroen e-Berlingo XL 50 kWh,46.3 kWh useable battery          Available since September 2021,11.7,135.0,200.0,232.0,320.0,Front Wheel Drive,7,43640.0,32495.0,38067.5,0.0052536874318662415,0.8583690987124464,Slow,Short,Budget,1,2,2,0
Tesla Model 3 ,57.5 kWh useable battery          Available since December 2021,6.1,225.0,380.0,151.0,630.0,Rear Wheel Drive,5,44668.0,42990.0,43829.0,0.008669860825918321,2.5,Fast,Medium,Budget,2,0,1,0
Volkswagen ID.5 Pro,77 kWh useable battery          Available since March 2022,10.4,160.0,430.0,179.0,540.0,Rear Wheel Drive,5,47935.0,50710.0,49322.5,0.008717953916490112,2.388888888888889,Medium,Long,Budget,2,1,0,0
Volkswagen ID.5 Pro Performance,77 kWh useable battery          Available since March 2022,8.4,160.0,430.0,179.0,540.0,Rear Wheel Drive,5,48970.0,52185.0,50577.5,0.008501636070662436,2.388888888888889,Medium,Long,Mid-range,2,1,0,2
Volkswagen ID.5 GTX,77 kWh useable battery          Available since March 2022,6.3,180.0,405.0,190.0,560.0,All Wheel Drive,5,56455.0,56545.0,56500.0,0.00716801472540309,2.1204188481675392,Medium,Long,Mid-range,0,1,0,2
Mercedes EQB 300 4MATIC,66.5 kWh useable battery          Available since February 2022,8.0,160.0,335.0,199.0,480.0,All Wheel Drive,7,55519.0,55310.0,55414.5,0.006045240050166469,1.675,Medium,Medium,Mid-range,0,1,1,2
Porsche Taycan GTS,83.7 kWh useable battery          Available since February 2022,3.7,250.0,450.0,186.0,1110.0,All Wheel Drive,4,134214.0,106000.0,120107.0,0.003746628034768708,2.406417112299465,Fast,Long,Premium,0,0,0,3
Porsche Taycan GTS Sport Turismo,83.7 kWh useable battery          Available since February 2022,3.7,250.0,425.0,197.0,1050.0,All Wheel Drive,4,135166.0,107000.0,121083.0,0.003509960027749331,2.1464646464646466,Fast,Long,Premium,0,0,0,3
Toyota bZ4X FWD,64 kWh useable battery          Available since June 2022,7.5,160.0,335.0,191.0,500.0,Front Wheel Drive,5,47490.0,45710.0,46600.0,0.00718868693804854,1.7447916666666667,Medium,Medium,Budget,1,1,1,0
Toyota bZ4X AWD,64 kWh useable battery          Available since June 2022,6.9,160.0,330.0,194.0,490.0,All Wheel Drive,5,57390.0,52110.0,54750.0,0.006027287172837026,1.6923076923076923,Medium,Medium,Mid-range,0,1,1,2
Subaru Solterra AWD,64 kWh useable battery          Available since June 2022,6.9,160.0,320.0,200.0,480.0,All Wheel Drive,5,57490.0,49995.0,53742.5,0.005954208415901458,1.592039800995025,Medium,Medium,Mid-range,0,1,1,2
Peugeot e-208 ,46.3 kWh useable battery          Available since November 2021,8.1,150.0,290.0,160.0,460.0,Front Wheel Drive,5,39100.0,34595.0,36847.5,0.007870062553428226,1.8012422360248448,Slow,Short,Budget,1,2,2,0
Peugeot e-2008 SUV ,46.3 kWh useable battery          Available since November 2021,8.5,150.0,260.0,178.0,420.0,Front Wheel Drive,5,37900.0,35150.0,36525.0,0.0071182171603789085,1.452513966480447,Slow,Short,Budget,1,2,2,0
Opel Corsa-e ,46.3 kWh useable battery          Available since November 2021,8.1,150.0,295.0,157.0,470.0,Front Wheel Drive,5,36395.0,31130.0,33762.5,0.00873724584240378,1.8670886075949367,Slow,Short,Budget,1,2,2,0
Opel Mokka-e ,46.3 kWh useable battery          Available since November 2021,9.2,150.0,260.0,178.0,420.0,Front Wheel Drive,5,40650.0,34910.0,37780.0,0.00688176596702046,1.452513966480447,Slow,Short,Budget,1,2,2,0
Citroen e-C4 ,46.3 kWh useable battery          Available since November 2021,9.7,150.0,275.0,168.0,440.0,Front Wheel Drive,5,36040.0,30995.0,33517.5,0.008204424422333935,1.6272189349112427,Slow,Short,Budget,1,2,2,0
Renault Megane E-Tech EV60 130hp,60 kWh useable battery          Available since April 2022,10.5,150.0,365.0,164.0,510.0,Front Wheel Drive,5,47000.0,0.0,23500.0,0.015531253989191949,2.212121212121212,Slow,Medium,Budget,1,2,1,0
SsangYong Korando e-Motion,56 kWh useable battery          Available since February 2022,8.5,156.0,290.0,193.0,330.0,Front Wheel Drive,5,40490.0,0.0,20245.0,0.014323817050281537,1.4948453608247423,Medium,Short,Budget,1,1,2,0
BMW iX M60,105.2 kWh useable battery          Available since April 2022,3.8,250.0,485.0,217.0,650.0,All Wheel Drive,5,136100.0,119225.0,127662.5,0.0037990498458839055,2.2247706422018347,Fast,Long,Premium,0,0,0,3
Tesla Model 3 Long Range Dual Motor,75 kWh useable battery          Available since November 2021,4.4,233.0,485.0,155.0,750.0,All Wheel Drive,5,53668.0,50990.0,52329.0,0.009268106248805657,3.108974358974359,Fast,Long,Mid-range,0,0,0,2
Citroen e-Jumpy Combi M 50 kWh,46.3 kWh useable battery          Available since November 2020,12.1,130.0,185.0,250.0,290.0,Front Wheel Drive,7,51940.0,35795.0,43867.5,0.00421714897933597,0.7370517928286853,Slow,Short,Budget,1,2,2,0
Citroen e-Jumpy Combi XL 50 kWh,46.3 kWh useable battery          Available since November 2020,12.1,130.0,180.0,257.0,290.0,Front Wheel Drive,7,52730.0,35995.0,44362.5,0.00405738952066451,0.6976744186046512,Slow,Short,Budget,1,2,2,0
Citroen e-Jumpy Combi M 75 kWh,68 kWh useable battery          Available since November 2020,13.3,130.0,265.0,257.0,290.0,Front Wheel Drive,7,57940.0,0.0,28970.0,0.009147078112595354,1.0271317829457365,Slow,Short,Budget,1,2,2,0
Citroen e-Jumpy Combi XL 75 kWh,68 kWh useable battery          Available since November 2020,13.3,130.0,260.0,262.0,280.0,Front Wheel Drive,7,58730.0,0.0,29365.0,0.008853776476196963,0.9885931558935361,Slow,Short,Budget,1,2,2,0
Opel Vivaro-e Combi M 50 kWh,46.3 kWh useable battery          Available since October 2020,12.1,130.0,185.0,250.0,290.0,Front Wheel Drive,7,50992.0,37320.0,44156.0,0.004189596213510882,0.7370517928286853,Slow,Short,Budget,1,2,2,0
Opel Vivaro-e Combi L 50 kWh,46.3 kWh useable battery          Available since October 2020,12.1,130.0,180.0,257.0,290.0,Front Wheel Drive,7,51825.0,37520.0,44672.5,0.004029234333553449,0.6976744186046512,Slow,Short,Budget,1,2,2,0
Opel Vivaro-e Combi M 75 kWh,68 kWh useable battery          Available since October 2020,13.3,130.0,265.0,257.0,290.0,Front Wheel Drive,7,56942.0,0.0,28471.0,0.009307389716212418,1.0271317829457365,Slow,Short,Budget,1,2,2,0
Opel Vivaro-e Combi L 75 kWh,68 kWh useable battery          Available since October 2020,13.3,130.0,260.0,262.0,280.0,Front Wheel Drive,7,57775.0,0.0,28887.5,0.009000121155477093,0.9885931558935361,Slow,Short,Budget,1,2,2,0
Peugeot e-Expert Combi Standard 50 kWh,46.3 kWh useable battery          Available since February 2021,13.1,130.0,185.0,250.0,290.0,Front Wheel Drive,7,51940.0,0.0,25970.0,0.007123329867929614,0.7370517928286853,Slow,Short,Budget,1,2,2,0
Peugeot e-Expert Combi Long 50 kWh,46.3 kWh useable battery          Available since February 2021,13.1,130.0,180.0,257.0,290.0,Front Wheel Drive,7,52730.0,0.0,26365.0,0.006826974133353561,0.6976744186046512,Slow,Short,Budget,1,2,2,0
Peugeot e-Expert Combi Standard 75 kWh,68 kWh useable battery          Available since February 2021,14.3,130.0,265.0,257.0,290.0,Front Wheel Drive,7,57940.0,0.0,28970.0,0.009147078112595354,1.0271317829457365,Slow,Short,Budget,1,2,2,0
Peugeot e-Expert Combi Long 75 kWh,68 kWh useable battery          Available since February 2021,14.3,130.0,260.0,262.0,280.0,Front Wheel Drive,7,58730.0,0.0,29365.0,0.008853776476196963,0.9885931558935361,Slow,Short,Budget,1,2,2,0
Toyota PROACE Shuttle M 50 kWh,46.3 kWh useable battery          Available since June 2021,12.1,130.0,180.0,257.0,290.0,Front Wheel Drive,7,0.0,0.0,0.0,180.0,0.6976744186046512,Slow,Short,,1,2,2,4
Toyota PROACE Shuttle L 50 kWh,46.3 kWh useable battery          Available since June 2021,12.1,130.0,180.0,257.0,290.0,Front Wheel Drive,7,0.0,0.0,0.0,180.0,0.6976744186046512,Slow,Short,,1,2,2,4
Toyota PROACE Shuttle M 75 kWh,68 kWh useable battery          Available since June 2021,13.1,130.0,260.0,262.0,280.0,Front Wheel Drive,7,0.0,0.0,0.0,260.0,0.9885931558935361,Slow,Short,,1,2,2,4
Toyota PROACE Shuttle L 75 kWh,68 kWh useable battery          Available since June 2021,13.1,130.0,260.0,262.0,280.0,Front Wheel Drive,7,0.0,0.0,0.0,260.0,0.9885931558935361,Slow,Short,,1,2,2,4
Mercedes eVito Tourer Long 90 kWh,90 kWh useable battery          Available since October 2020,12.0,160.0,310.0,290.0,310.0,Front Wheel Drive,7,64248.0,68352.0,66300.0,0.004675645917859459,1.0652920962199313,Medium,Medium,Mid-range,1,1,1,2
Mercedes eVito Tourer Extra-Long 90 kWh,90 kWh useable battery          Available since October 2020,12.0,160.0,305.0,295.0,310.0,Front Wheel Drive,7,65140.0,75846.0,70493.0,0.004326609356824694,1.0304054054054055,Medium,Medium,Mid-range,1,1,1,2
Mercedes eVito Tourer Long 60 kWh,60 kWh useable battery          Available since January 2022,12.0,160.0,210.0,286.0,310.0,Front Wheel Drive,7,60678.0,0.0,30339.0,0.006921555702043507,0.7317073170731707,Medium,Short,Budget,1,1,2,0
Mercedes eVito Tourer Extra-Long 60 kWh,60 kWh useable battery          Available since January 2022,12.0,160.0,205.0,293.0,300.0,Front Wheel Drive,7,61571.0,0.0,30785.5,0.006658762769395677,0.6972789115646258,Medium,Short,Budget,1,1,2,0
Tesla Model Y Long Range Dual Motor,75 kWh useable battery          Available since February 2022,5.0,217.0,435.0,172.0,670.0,All Wheel Drive,5,59017.0,52990.0,56003.5,0.007767232990206144,2.514450867052023,Fast,Long,Mid-range,0,0,0,2
Tesla Model 3 Performance,75 kWh useable battery          Available since February 2022,3.3,261.0,460.0,163.0,710.0,All Wheel Drive,5,57668.0,57990.0,57829.0,0.007954348953830192,2.8048780487804876,Very Fast,Long,Mid-range,0,3,0,2
Porsche Taycan Sport Turismo,71 kWh useable battery          Available since March 2022,5.4,230.0,380.0,187.0,930.0,Rear Wheel Drive,4,89351.0,76500.0,82925.5,0.004582371135885392,2.021276595744681,Fast,Medium,Mid-range,2,0,1,2
Porsche Taycan Plus Sport Turismo,83.7 kWh useable battery          Available since March 2022,5.4,230.0,445.0,188.0,1090.0,Rear Wheel Drive,4,95074.0,80549.0,87811.5,0.005067615658362989,2.3544973544973544,Fast,Long,Mid-range,2,0,0,2
Porsche Taycan 4S Sport Turismo,71 kWh useable battery          Available since March 2022,4.0,250.0,370.0,192.0,910.0,All Wheel Drive,4,109819.0,87500.0,98659.5,0.003750234389649353,1.9170984455958548,Fast,Medium,Mid-range,0,0,1,2
Porsche Taycan 4S Plus Sport Turismo,83.7 kWh useable battery          Available since March 2022,4.0,250.0,430.0,195.0,1060.0,All Wheel Drive,4,115341.0,91406.0,103373.5,0.0041596331783950585,2.193877551020408,Fast,Long,Premium,0,0,0,3
Porsche Taycan Turbo Sport Turismo,83.7 kWh useable battery          Available since March 2022,3.2,260.0,405.0,207.0,1000.0,All Wheel Drive,4,157300.0,120900.0,139100.0,0.0029115534755321673,1.9471153846153846,Very Fast,Long,Premium,0,3,0,3
Porsche Taycan Turbo S Sport Turismo,83.7 kWh useable battery          Available since March 2022,2.8,260.0,395.0,212.0,970.0,All Wheel Drive,4,190620.0,143400.0,167010.0,0.002365113675147146,1.8544600938967135,Very Fast,Medium,Luxury,0,3,1,1
Volkswagen ID.4 Pro,77 kWh useable battery          Available since February 2022,10.4,160.0,410.0,188.0,520.0,Rear Wheel Drive,5,0.0,44605.0,22302.5,0.01838276503687762,2.1693121693121693,Medium,Long,Budget,2,1,0,0
Skoda Enyaq Coupe iV 60,58 kWh useable battery          Available since July 2022,8.8,160.0,335.0,173.0,450.0,Rear Wheel Drive,5,43000.0,0.0,21500.0,0.015580670666480629,1.9252873563218391,Medium,Medium,Budget,2,1,1,0
Skoda Enyaq Coupe iV 80,77 kWh useable battery          Available since July 2022,8.7,160.0,445.0,173.0,560.0,Rear Wheel Drive,5,54400.0,44770.0,49585.0,0.008974307264147139,2.557471264367816,Medium,Long,Budget,2,1,0,0
Skoda Enyaq Coupe iV 80x,77 kWh useable battery          Available since December 2022,7.0,160.0,430.0,179.0,540.0,All Wheel Drive,5,57000.0,52450.0,54725.0,0.007857325585644849,2.388888888888889,Medium,Long,Mid-range,0,1,0,2
Skoda Enyaq Coupe iV RS,77 kWh useable battery          Available since March 2022,6.5,180.0,405.0,190.0,560.0,All Wheel Drive,5,63300.0,54370.0,58835.0,0.006883540689373853,2.1204188481675392,Medium,Long,Mid-range,0,1,0,2
MG MG5 Electric Standard Range,46 kWh useable battery          Available since June 2022,7.7,185.0,265.0,174.0,320.0,Front Wheel Drive,5,35490.0,0.0,17745.0,0.01493294263495999,1.5142857142857142,Medium,Short,Budget,1,1,2,0
Genesis GV60 Premium,74 kWh useable battery          Available since June 2022,7.8,185.0,390.0,190.0,1020.0,Rear Wheel Drive,5,0.0,53905.0,26952.5,0.014469363904502198,2.0418848167539267,Medium,Medium,Budget,2,1,1,0
Genesis GV60 Sport,74 kWh useable battery          Available since June 2022,5.5,200.0,380.0,195.0,990.0,All Wheel Drive,5,63200.0,58365.0,60782.5,0.006251696595293131,1.9387755102040816,Medium,Medium,Mid-range,0,1,1,2
Genesis GV60 Sport Plus,74 kWh useable battery          Available since June 2022,4.0,235.0,365.0,203.0,950.0,All Wheel Drive,5,73100.0,67505.0,70302.5,0.005191775658395386,1.7892156862745099,Fast,Medium,Mid-range,0,0,1,2
Volkswagen e-Up! ,32.3 kWh useable battery          Available since August 2021,11.9,130.0,205.0,158.0,170.0,Front Wheel Drive,4,29995.0,0.0,14997.5,0.013668033470013668,1.2893081761006289,Slow,Short,Budget,1,2,2,0
Volkswagen ID. Buzz Pro,77 kWh useable battery          Available since September 2022,10.2,145.0,330.0,233.0,460.0,Rear Wheel Drive,5,64581.0,57115.0,60848.0,0.00542326085884731,1.4102564102564104,Slow,Medium,Mid-range,2,2,1,2
Mercedes EQE AMG 43 4MATIC,90.6 kWh useable battery          Available since April 2022,4.2,210.0,485.0,187.0,720.0,All Wheel Drive,5,103827.0,0.0,51913.5,0.009342283947644685,2.5797872340425534,Fast,Long,Mid-range,0,0,0,2
Mercedes EQE AMG 53 4MATIC+,90.6 kWh useable battery          Available since July 2022,3.5,240.0,480.0,189.0,720.0,All Wheel Drive,5,109777.0,114750.0,112263.5,0.004275616958165761,2.526315789473684,Fast,Long,Premium,0,0,0,3
Nissan Leaf ,39 kWh useable battery          Available since March 2022,7.9,144.0,235.0,166.0,230.0,Front Wheel Drive,5,33400.0,28995.0,31197.5,0.007532413417311729,1.407185628742515,Slow,Short,Budget,1,2,2,0
Nissan Leaf e+,59 kWh useable battery          Available since March 2022,6.9,157.0,340.0,174.0,240.0,Front Wheel Drive,5,41100.0,34945.0,38022.5,0.008941838599813273,1.9428571428571428,Medium,Medium,Budget,1,1,1,0
Hyundai IONIQ 5 Long Range 2WD,74 kWh useable battery          Available since April 2022,7.3,185.0,390.0,190.0,1020.0,Rear Wheel Drive,5,47900.0,46650.0,47275.0,0.00824942888569253,2.0418848167539267,Medium,Medium,Budget,2,1,1,0
Hyundai IONIQ 5 Long Range AWD,74 kWh useable battery          Available since April 2022,5.1,185.0,385.0,192.0,1010.0,All Wheel Drive,5,59200.0,50150.0,54675.0,0.007041480722803424,1.994818652849741,Medium,Medium,Mid-range,0,1,1,2
Mercedes EQB 250,66.5 kWh useable battery          Available since March 2022,8.9,160.0,345.0,193.0,500.0,Front Wheel Drive,7,52550.0,0.0,26275.0,0.01312985233673314,1.7783505154639174,Medium,Medium,Budget,1,1,1,0
Kia Niro EV ,64.8 kWh useable battery          Available since June 2022,7.8,167.0,380.0,171.0,380.0,Front Wheel Drive,5,47590.0,36795.0,42192.5,0.009006126536077831,2.2093023255813953,Medium,Medium,Budget,1,1,1,0
Smart #1 ,62 kWh useable battery          Available since March 2023,6.7,180.0,330.0,188.0,510.0,Rear Wheel Drive,5,42490.0,35000.0,38745.0,0.008517008207298818,1.746031746031746,Medium,Medium,Budget,2,1,1,0
Mercedes EQS SUV 450+,108.4 kWh useable battery          Available since December 2022,6.7,210.0,495.0,219.0,650.0,Rear Wheel Drive,7,110801.0,0.0,55400.5,0.008934776134220192,2.25,Fast,Long,Mid-range,2,0,0,2
Mercedes EQS SUV 450 4MATIC,108.4 kWh useable battery          Available since December 2022,6.0,210.0,485.0,224.0,630.0,All Wheel Drive,7,114609.0,129170.0,121889.5,0.003978981134706971,2.1555555555555554,Fast,Long,Premium,0,0,0,3
Mercedes EQS SUV 580 4MATIC,108.4 kWh useable battery          Available since December 2022,4.6,210.0,485.0,224.0,630.0,All Wheel Drive,7,135434.0,139170.0,137302.0,0.003532333597954888,2.1555555555555554,Fast,Long,Premium,0,0,0,3
BMW i7 xDrive60,101.7 kWh useable battery          Available since November 2022,4.7,240.0,510.0,199.0,760.0,All Wheel Drive,5,135900.0,110545.0,123222.5,0.0041388209229570655,2.55,Fast,Very Long,Premium,0,0,3,3
Lexus RZ 450e,64 kWh useable battery          Available since February 2023,5.6,160.0,310.0,206.0,460.0,All Wheel Drive,5,68000.0,66500.0,67250.0,0.00460959688331772,1.497584541062802,Medium,Medium,Mid-range,0,1,1,2
Aiways U5 ,60 kWh useable battery          Available since April 2022,7.5,150.0,315.0,190.0,380.0,Front Wheel Drive,5,39563.0,0.0,19781.5,0.01592316441299128,1.649214659685864,Slow,Medium,Budget,1,2,1,0
Mazda MX-30 ,30 kWh useable battery          Available since May 2022,9.7,140.0,170.0,176.0,210.0,Front Wheel Drive,5,35990.0,30050.0,33020.0,0.0051482389994246085,0.96045197740113,Slow,Short,Budget,1,2,2,0
Lucid Air Dream Edition R,118 kWh useable battery          Available since January 2022,2.8999999999999995,270.0,685.0,172.0,870.0,All Wheel Drive,5,218000.0,0.0,109000.0,0.006284346015174172,3.959537572254335,Very Fast,Very Long,Premium,0,3,3,3
Mercedes EQA 250,66.5 kWh useable battery          Available since June 2022,8.6,160.0,355.0,187.0,510.0,Front Wheel Drive,5,50777.0,0.0,25388.5,0.013982157978691978,1.8882978723404256,Medium,Medium,Budget,1,1,1,0
Mercedes EQA 250+,70.5 kWh useable battery          Available since June 2022,8.6,160.0,375.0,188.0,520.0,Front Wheel Drive,5,52205.0,52010.0,52107.5,0.007196522640260226,1.9841269841269842,Medium,Medium,Mid-range,1,1,1,2
Mercedes EQS 450 4MATIC,107.8 kWh useable battery          Available since June 2022,5.6,210.0,615.0,175.0,920.0,All Wheel Drive,5,113359.0,0.0,56679.5,0.010850292428613016,3.4943181818181817,Fast,Very Long,Mid-range,0,0,3,2
Mercedes EQS 500 4MATIC,107.8 kWh useable battery          Available since June 2022,4.8,210.0,605.0,178.0,900.0,All Wheel Drive,5,125378.0,0.0,62689.0,0.009650661987557825,3.3798882681564244,Fast,Very Long,Mid-range,0,0,3,2
BMW iX1 xDrive30,64.7 kWh useable battery          Available since November 2022,5.6,180.0,355.0,182.0,510.0,All Wheel Drive,5,55000.0,52255.0,53627.5,0.006619614570610776,1.9398907103825136,Medium,Medium,Mid-range,0,1,1,2
Volkswagen ID.4 Pro 4MOTION,77 kWh useable battery          Available since June 2022,6.9,180.0,405.0,190.0,510.0,All Wheel Drive,5,49020.0,0.0,24510.0,0.016523193668148993,2.1204188481675392,Medium,Long,Budget,0,1,0,0
Genesis G80 Electrified Luxury,82.5 kWh useable battery          Available since June 2022,4.9,225.0,440.0,188.0,880.0,All Wheel Drive,5,69200.0,69805.0,69502.5,0.006330616443776213,2.328042328042328,Fast,Long,Mid-range,0,0,0,2
Dacia Spring Electric 45,25 kWh useable battery          Available since July 2022,19.1,125.0,165.0,152.0,180.0,Front Wheel Drive,4,22550.0,0.0,11275.0,0.014632848527846755,1.0784313725490196,Slow,Short,Budget,1,2,2,0
Citroen e-C4 X ,46.3 kWh useable battery          Available since November 2022,9.7,150.0,275.0,168.0,440.0,Front Wheel Drive,5,37540.0,0.0,18770.0,0.014650258377284108,1.6272189349112427,Slow,Short,Budget,1,2,2,0
MG MG4 Electric 51 kWh,50.8 kWh useable battery          Available since October 2022,7.7,160.0,300.0,169.0,340.0,Rear Wheel Drive,5,31990.0,25995.0,28992.5,0.010347146774276993,1.7647058823529411,Medium,Short,Budget,2,1,2,0
MG MG4 Electric 64 kWh,61.7 kWh useable battery          Available since October 2022,7.9,160.0,365.0,169.0,450.0,Rear Wheel Drive,5,35990.0,28495.0,32242.5,0.011320111030130104,2.1470588235294117,Medium,Medium,Budget,2,1,1,0
Fisker Ocean Sport,75 kWh useable battery          Available since March 2023,7.4,160.0,380.0,197.0,480.0,Front Wheel Drive,5,41560.0,35970.0,38765.0,0.009802404168601352,1.9191919191919191,Medium,Medium,Budget,1,1,1,0
Fisker Ocean Ultra,100 kWh useable battery          Available since March 2023,4.2,200.0,510.0,196.0,730.0,All Wheel Drive,5,57000.0,49880.0,53440.0,0.009543234595161019,2.5888324873096447,Medium,Very Long,Mid-range,0,1,3,2
Fisker Ocean Extreme,100 kWh useable battery          Available since March 2023,3.9,200.0,510.0,196.0,730.0,All Wheel Drive,5,69950.0,60880.0,65415.0,0.007796257796257797,2.5888324873096447,Medium,Very Long,Mid-range,0,1,3,2
Fisker Ocean One,100 kWh useable battery          Available since March 2023,3.9,200.0,510.0,196.0,730.0,All Wheel Drive,5,69950.0,60880.0,65415.0,0.007796257796257797,2.5888324873096447,Medium,Very Long,Mid-range,0,1,3,2
Mercedes EQE 300,89 kWh useable battery          Available since July 2022,7.6,210.0,515.0,173.0,650.0,Rear Wheel Drive,5,66402.0,74345.0,70373.5,0.007317991602071773,2.9597701149425286,Fast,Very Long,Mid-range,2,0,3,2
Mercedes EQE 350,89 kWh useable battery          Available since July 2022,6.4,210.0,515.0,173.0,650.0,Rear Wheel Drive,5,70210.0,77345.0,73777.5,0.006980353354974688,2.9597701149425286,Fast,Very Long,Mid-range,2,0,3,2
Mercedes EQE 350 4MATIC,90.6 kWh useable battery          Available since July 2022,6.3,210.0,500.0,181.0,750.0,All Wheel Drive,5,73363.0,0.0,36681.5,0.013630477748245075,2.7472527472527473,Fast,Long,Budget,0,0,0,0
Mercedes EQE 500 4MATIC,90.6 kWh useable battery          Available since July 2022,4.7,210.0,500.0,181.0,750.0,All Wheel Drive,5,87286.0,0.0,43643.0,0.011456328475850059,2.7472527472527473,Fast,Long,Budget,0,0,0,0
Hyundai IONIQ 6 Standard Range 2WD,54 kWh useable battery          Available since January 2023,8.8,185.0,360.0,150.0,880.0,Rear Wheel Drive,5,43900.0,0.0,21950.0,0.016400164001640016,2.384105960264901,Medium,Medium,Budget,2,1,1,0
Hyundai IONIQ 6 Long Range 2WD,74 kWh useable battery          Available since December 2022,7.4,185.0,475.0,156.0,1240.0,Rear Wheel Drive,5,54000.0,46745.0,50372.5,0.009429561178000338,3.0254777070063694,Medium,Long,Mid-range,2,1,0,2
Hyundai IONIQ 6 Long Range AWD,74 kWh useable battery          Available since November 2022,5.1,185.0,440.0,168.0,1150.0,All Wheel Drive,5,61100.0,50245.0,55672.5,0.00790322146083864,2.603550295857988,Medium,Long,Mid-range,0,1,0,2
Audi Q4 Sportback e-tron 45 quattro,76.6 kWh useable battery          Available since July 2022,6.9,180.0,400.0,192.0,500.0,All Wheel Drive,5,55900.0,0.0,27950.0,0.014310758112411006,2.0725388601036268,Medium,Medium,Budget,0,1,1,0
Fiat E-Ulysse L2 50 kWh,46.3 kWh useable battery          Available since June 2022,12.1,130.0,185.0,250.0,290.0,Front Wheel Drive,7,55990.0,0.0,27995.0,0.0066080868695527935,0.7370517928286853,Slow,Short,Budget,1,2,2,0
Fiat E-Ulysse L2 75 kWh,68 kWh useable battery          Available since June 2022,13.3,130.0,265.0,257.0,290.0,Front Wheel Drive,7,61990.0,0.0,30995.0,0.00854949025680733,1.0271317829457365,Slow,Short,Budget,1,2,2,0
Fiat E-Ulysse L3 50 kWh,46.3 kWh useable battery          Available since June 2022,12.1,130.0,180.0,257.0,290.0,Front Wheel Drive,7,56990.0,0.0,28495.0,0.006316676024705222,0.6976744186046512,Slow,Short,Budget,1,2,2,0
Fiat E-Ulysse L3 75 kWh,68 kWh useable battery          Available since June 2022,13.3,130.0,260.0,262.0,280.0,Front Wheel Drive,7,62990.0,0.0,31495.0,0.00825501651003302,0.9885931558935361,Slow,Short,Budget,1,2,2,0
Genesis GV70 Electrified Sport,74 kWh useable battery          Available since October 2022,4.2,235.0,350.0,211.0,860.0,All Wheel Drive,5,67300.0,64405.0,65852.5,0.005314827609770171,1.650943396226415,Fast,Medium,Mid-range,0,0,1,2
Fiat 500e 3+1 24 kWh,21.3 kWh useable battery          Available since July 2022,9.0,135.0,135.0,158.0,230.0,Front Wheel Drive,4,0.0,0.0,0.0,135.0,0.8490566037735849,Slow,Short,,1,2,2,4
Fiat 500e Cabrio 24 kWh,21.3 kWh useable battery          Available since July 2022,9.0,135.0,135.0,158.0,230.0,Front Wheel Drive,4,35490.0,0.0,17745.0,0.007607348134790939,0.8490566037735849,Slow,Short,Budget,1,2,2,0
Tesla Model Y ,57.5 kWh useable battery          Available since November 2022,6.9,217.0,345.0,167.0,580.0,Rear Wheel Drive,5,47567.0,44990.0,46278.5,0.007454704566816841,2.0535714285714284,Fast,Medium,Budget,2,0,1,0
Peugeot e-308 ,50.8 kWh useable battery          Expected from May 2023,9.0,150.0,310.0,164.0,460.0,Front Wheel Drive,5,44000.0,37000.0,40500.0,0.007654131996740822,1.878787878787879,Slow,Medium,Budget,1,2,1,0
Peugeot e-308 SW ,50.8 kWh useable battery          Expected from May 2023,9.0,150.0,300.0,169.0,450.0,Front Wheel Drive,5,45000.0,38000.0,41500.0,0.007228741476109009,1.7647058823529411,Slow,Short,Budget,1,2,2,0
Hongqi E-HS9 84 kWh,76.5 kWh useable battery          Available since December 2022,6.5,200.0,305.0,251.0,420.0,All Wheel Drive,5,0.0,0.0,0.0,305.0,1.2103174603174602,Medium,Medium,,0,1,1,4
Hongqi E-HS9 99 kWh,90 kWh useable battery          Available since December 2022,4.9,200.0,355.0,254.0,410.0,All Wheel Drive,5,0.0,0.0,0.0,355.0,1.392156862745098,Medium,Medium,,0,1,1,4
Smart #1 Brabus,62 kWh useable battery          Available since March 2023,3.9,180.0,320.0,194.0,490.0,All Wheel Drive,5,48990.0,42000.0,45495.0,0.00703358537014243,1.641025641025641,Medium,Medium,Budget,0,1,1,0
Kia e-Soul 64 kWh,64 kWh useable battery          Available since September 2022,7.9,167.0,370.0,173.0,350.0,Front Wheel Drive,5,46950.0,39045.0,42997.5,0.008604951335511703,2.1264367816091956,Medium,Medium,Budget,1,1,1,0
Kia e-Soul 39.2 kWh,39.2 kWh useable battery          Available since September 2022,9.9,157.0,230.0,170.0,200.0,Front Wheel Drive,5,0.0,32845.0,16422.5,0.014004323073644473,1.345029239766082,Medium,Short,Budget,1,1,2,0
NIO ET7 75 kWh,70.5 kWh useable battery          Available since October 2022,3.8,200.0,400.0,176.0,540.0,All Wheel Drive,5,81900.0,0.0,40950.0,0.009767771238797587,2.2598870056497176,Medium,Medium,Budget,0,1,1,0
NIO ET7 100 kWh,90 kWh useable battery          Available since October 2022,3.8,200.0,505.0,178.0,530.0,All Wheel Drive,5,90900.0,0.0,45450.0,0.011110866647598514,2.82122905027933,Medium,Very Long,Budget,0,1,3,0
Ford Mustang Mach-E SR RWD,70 kWh useable battery          Available since November 2022,6.9,180.0,355.0,197.0,370.0,Rear Wheel Drive,5,62900.0,50830.0,56865.0,0.006242746104878134,1.792929292929293,Medium,Medium,Mid-range,2,1,1,2
Ford Mustang Mach-E ER RWD,91 kWh useable battery          Available since November 2022,7.0,180.0,455.0,200.0,400.0,Rear Wheel Drive,5,71200.0,59380.0,65290.0,0.006968801213030893,2.263681592039801,Medium,Long,Mid-range,2,1,0,2
Ford Mustang Mach-E SR AWD,70 kWh useable battery          Available since November 2022,6.3,180.0,345.0,203.0,360.0,All Wheel Drive,5,69200.0,0.0,34600.0,0.009970810092193867,1.6911764705882353,Medium,Medium,Budget,0,1,1,0
Ford Mustang Mach-E ER AWD,91 kWh useable battery          Available since November 2022,5.8,180.0,440.0,207.0,390.0,All Wheel Drive,5,77200.0,65405.0,71302.5,0.006170805079694545,2.1153846153846154,Medium,Long,Mid-range,0,1,0,2
Ford Mustang Mach-E GT,91 kWh useable battery          Available since November 2022,4.4,200.0,425.0,214.0,380.0,All Wheel Drive,5,86200.0,74540.0,80370.0,0.005287977006631746,1.9767441860465116,Medium,Long,Mid-range,0,1,0,2
Polestar 3 Long Range Dual motor,107 kWh useable battery          Available since November 2022,5.0,210.0,490.0,218.0,640.0,All Wheel Drive,5,88600.0,79900.0,84250.0,0.005815954706769059,2.2374429223744294,Fast,Long,Mid-range,0,0,0,2
Polestar 3 Long Range Performance,107 kWh useable battery          Available since November 2022,4.7,210.0,470.0,228.0,610.0,All Wheel Drive,5,95200.0,85500.0,90350.0,0.005201934676981992,2.052401746724891,Fast,Long,Mid-range,0,0,0,2
Mercedes EQE SUV 350+,90.6 kWh useable battery          Available since December 2022,7.0,210.0,470.0,193.0,700.0,Rear Wheel Drive,5,90000.0,0.0,45000.0,0.010444212350836648,2.422680412371134,Fast,Long,Budget,2,0,0,0
Mercedes EQE SUV 350 4MATIC,90.6 kWh useable battery          Available since December 2022,6.5,210.0,455.0,199.0,680.0,All Wheel Drive,5,95000.0,90560.0,92780.0,0.00490402129746392,2.275,Fast,Long,Mid-range,0,0,0,2
Mercedes EQE SUV 500 4MATIC,90.6 kWh useable battery          Available since December 2022,5.0,210.0,455.0,199.0,680.0,All Wheel Drive,5,115000.0,108760.0,111880.0,0.004066820997309642,2.275,Fast,Long,Premium,0,0,0,3
Mercedes EQE SUV AMG 43 4MATIC,90.6 kWh useable battery          Available since December 2022,4.3,210.0,435.0,208.0,650.0,All Wheel Drive,5,124920.0,0.0,62460.0,0.006964345751749091,2.0813397129186604,Fast,Long,Mid-range,0,0,0,2
Mercedes EQE SUV AMG 53 4MATIC+,90.6 kWh useable battery          Expected from May 2023,3.5,240.0,425.0,213.0,630.0,All Wheel Drive,5,130000.0,120000.0,125000.0,0.003399972800217598,1.985981308411215,Fast,Long,Premium,0,0,0,3
Rolls-Royce Spectre ,100 kWh useable battery          Expected from November 2023,4.5,250.0,455.0,220.0,540.0,All Wheel Drive,4,400000.0,350000.0,375000.0,0.0012133300977864058,2.0588235294117645,Fast,Long,Luxury,0,0,0,1
Aiways U6 ,60 kWh useable battery          Available since December 2022,7.0,160.0,350.0,171.0,430.0,Front Wheel Drive,5,47588.0,0.0,23794.0,0.014708972473208657,2.0348837209302326,Medium,Medium,Budget,1,1,1,0
Lotus Eletre ,107 kWh useable battery          Available since March 2023,4.5,250.0,520.0,206.0,1090.0,All Wheel Drive,5,95990.0,89500.0,92745.0,0.005606710801544002,2.5120772946859904,Fast,Very Long,Mid-range,0,0,3,2
Lotus Eletre R,107 kWh useable battery          Available since March 2023,2.8999999999999995,260.0,450.0,238.0,940.0,All Wheel Drive,5,150990.0,120000.0,135495.0,0.0033211312511070437,1.8828451882845187,Very Fast,Long,Premium,0,3,0,3
Audi Q8 e-tron 50 quattro,89 kWh useable battery          Available since December 2022,6.0,200.0,415.0,214.0,580.0,All Wheel Drive,5,74400.0,67800.0,71100.0,0.0058367674153668725,1.930232558139535,Medium,Long,Mid-range,0,1,0,2
Audi Q8 e-tron 55 quattro,106 kWh useable battery          Available since December 2022,5.6,200.0,495.0,214.0,670.0,All Wheel Drive,5,85300.0,77800.0,81550.0,0.006069821338794129,2.302325581395349,Medium,Long,Mid-range,0,1,0,2
Audi Q8 e-tron Sportback 50 quattro,89 kWh useable battery          Available since December 2022,6.0,200.0,440.0,202.0,610.0,All Wheel Drive,5,76650.0,70300.0,73475.0,0.0059883499373945236,2.167487684729064,Medium,Long,Mid-range,0,1,0,2
Audi Q8 e-tron Sportback 55 quattro,106 kWh useable battery          Available since December 2022,5.6,200.0,525.0,202.0,710.0,All Wheel Drive,5,87550.0,80300.0,83925.0,0.006255510807139623,2.586206896551724,Medium,Very Long,Mid-range,0,1,3,2
Audi SQ8 e-tron ,106 kWh useable battery          Expected from May 2023,4.5,210.0,445.0,238.0,600.0,All Wheel Drive,5,110000.0,98295.0,104147.5,0.004272745166757083,1.8619246861924685,Fast,Long,Premium,0,0,0,3
Audi SQ8 e-tron Sportback ,106 kWh useable battery          Expected from May 2023,4.5,210.0,470.0,226.0,630.0,All Wheel Drive,5,115000.0,100795.0,107897.5,0.0043559456340912985,2.0704845814977975,Fast,Long,Premium,0,0,0,3
Volvo EX90 Twin Motor,107 kWh useable battery          Available since December 2022,5.9,180.0,455.0,235.0,590.0,All Wheel Drive,7,105550.0,96255.0,100902.5,0.004509258846323467,1.9279661016949152,Medium,Long,Premium,0,1,0,3
Volvo EX90 Twin Motor Performance,107 kWh useable battery          Available since December 2022,4.9,180.0,440.0,243.0,570.0,All Wheel Drive,7,110650.0,100555.0,105602.5,0.00416652857149621,1.8032786885245902,Medium,Long,Premium,0,1,0,3
Mercedes EQB 250+,70.5 kWh useable battery          Available since November 2022,8.9,160.0,365.0,193.0,490.0,Front Wheel Drive,7,53978.0,0.0,26989.0,0.013523527232308262,1.8814432989690721,Medium,Medium,Budget,1,1,1,0
Toyota Proace City Verso Electric L1 50 kWh,46.3 kWh useable battery          Available since April 2022,11.2,135.0,210.0,220.0,330.0,Front Wheel Drive,5,37800.0,0.0,18900.0,0.011110523252737951,0.9502262443438914,Slow,Short,Budget,1,2,2,0
Toyota Proace City Verso Electric L2 50 kWh,46.3 kWh useable battery          Available since April 2022,11.2,135.0,205.0,226.0,330.0,Front Wheel Drive,7,40150.0,0.0,20075.0,0.010211197449691173,0.9030837004405287,Slow,Short,Budget,1,2,2,0
ORA Funky Cat 48 kWh,45.4 kWh useable battery          Available since November 2022,8.3,160.0,260.0,175.0,240.0,Front Wheel Drive,5,38990.0,31995.0,35492.5,0.007325284911321791,1.4772727272727273,Medium,Short,Budget,1,1,2,0
BYD ATTO 3 ,60 kWh useable battery          Available since August 2022,7.3,160.0,320.0,188.0,300.0,Front Wheel Drive,5,44625.0,36490.0,40557.5,0.00788983813503951,1.693121693121693,Medium,Medium,Budget,1,1,1,0
BYD TANG ,84 kWh useable battery          Available since August 2022,4.6,180.0,350.0,240.0,330.0,All Wheel Drive,7,71400.0,0.0,35700.0,0.009803646956667881,1.4522821576763485,Medium,Medium,Budget,0,1,1,0
BYD HAN ,83 kWh useable battery          Available since March 2023,3.9,180.0,465.0,178.0,450.0,All Wheel Drive,5,70805.0,0.0,35402.5,0.013134294631886678,2.5977653631284916,Medium,Long,Budget,0,1,0,0
BMW i4 eDrive35,67 kWh useable battery          Available since November 2022,6.0,190.0,400.0,168.0,540.0,Rear Wheel Drive,5,56500.0,49995.0,53247.5,0.007511948693390424,2.366863905325444,Medium,Medium,Mid-range,2,1,1,2
NIO ET5 75 kWh,70.5 kWh useable battery          Available since December 2022,4.0,200.0,395.0,178.0,530.0,All Wheel Drive,5,59500.0,0.0,29750.0,0.01327686464320527,2.206703910614525,Medium,Medium,Budget,0,1,1,0
NIO ET5 100 kWh,90 kWh useable battery          Available since December 2022,4.0,200.0,495.0,182.0,520.0,All Wheel Drive,5,68500.0,0.0,34250.0,0.01445213278444425,2.7049180327868854,Medium,Long,Budget,0,1,0,0
NIO EL7 75 kWh,70.5 kWh useable battery          Available since December 2022,3.9,200.0,340.0,207.0,460.0,All Wheel Drive,5,85900.0,0.0,42950.0,0.00791599729924798,1.6346153846153846,Medium,Medium,Budget,0,1,1,0
NIO EL7 100 kWh,90 kWh useable battery          Available since December 2022,3.9,200.0,430.0,209.0,450.0,All Wheel Drive,5,94900.0,0.0,47450.0,0.009061979726454658,2.0476190476190474,Medium,Long,Budget,0,1,0,0
Abarth 500e Scorpionissima,37.3 kWh useable battery          Available since January 2023,7.0,155.0,225.0,166.0,370.0,Front Wheel Drive,4,43000.0,36000.0,39500.0,0.005696058327637275,1.347305389221557,Medium,Short,Budget,1,1,2,0
DS 3 E-Tense,50.8 kWh useable battery          Available since November 2022,9.0,150.0,300.0,169.0,480.0,Front Wheel Drive,5,40540.0,37200.0,38870.0,0.007717835918808366,1.7647058823529411,Slow,Short,Budget,1,2,2,0
Opel Astra Electric,50.8 kWh useable battery          Expected from May 2023,8.5,170.0,310.0,164.0,500.0,Front Wheel Drive,5,40000.0,36000.0,38000.0,0.008157680061051026,1.878787878787879,Medium,Medium,Budget,1,1,1,0
Opel Astra Sports Tourer Electric,50.8 kWh useable battery          Expected from May 2023,8.5,170.0,300.0,169.0,480.0,Front Wheel Drive,5,42000.0,37000.0,39500.0,0.0075947444368497,1.7647058823529411,Medium,Short,Budget,1,1,2,0
Jeep Avenger Electric 1st Edition,50.8 kWh useable battery          Available since January 2023,9.0,150.0,295.0,172.0,470.0,Front Wheel Drive,5,39900.0,36500.0,38200.0,0.007722310934268737,1.7052023121387283,Slow,Short,Budget,1,2,2,0
Mercedes EQS SUV 500 4MATIC,108.4 kWh useable battery          Available since December 2022,5.2,210.0,485.0,224.0,630.0,All Wheel Drive,7,124545.0,0.0,62272.5,0.007788224525681068,2.1555555555555554,Fast,Long,Mid-range,0,0,0,2
Volvo XC40 Recharge Single Motor,66 kWh useable battery          Available since December 2022,7.3,180.0,345.0,191.0,420.0,Rear Wheel Drive,5,47500.0,46505.0,47002.5,0.007339878945184933,1.796875,Medium,Medium,Budget,2,1,1,0
Volvo XC40 Recharge Single Motor ER,79 kWh useable battery          Available since December 2022,7.3,180.0,405.0,195.0,600.0,Rear Wheel Drive,5,53000.0,0.0,26500.0,0.01528244217199351,2.066326530612245,Medium,Long,Budget,2,1,0,0
Volvo XC40 Recharge Twin Motor,79 kWh useable battery          Available since December 2022,4.8,180.0,390.0,203.0,580.0,All Wheel Drive,5,59950.0,51755.0,55852.5,0.006982552570564065,1.911764705882353,Medium,Medium,Mid-range,0,1,1,2
Volvo C40 Recharge Single Motor,66 kWh useable battery          Available since December 2022,7.3,180.0,355.0,186.0,430.0,Rear Wheel Drive,5,47500.0,48355.0,47927.5,0.007406866478191472,1.8983957219251337,Medium,Medium,Budget,2,1,1,0
Volvo C40 Recharge Single Motor ER,79 kWh useable battery          Available since December 2022,7.3,180.0,420.0,188.0,630.0,Rear Wheel Drive,5,54450.0,0.0,27225.0,0.015426430617791817,2.2222222222222223,Medium,Long,Budget,2,1,0,0
Volvo C40 Recharge Twin Motor,79 kWh useable battery          Available since December 2022,4.7,180.0,400.0,198.0,600.0,All Wheel Drive,5,61400.0,53605.0,57502.5,0.006956098324449816,2.0100502512562812,Medium,Medium,Mid-range,0,1,1,2
Renault Kangoo E-Tech Electric,44 kWh useable battery          Available since December 2022,12.6,132.0,215.0,205.0,230.0,Front Wheel Drive,5,39300.0,0.0,19650.0,0.010940919037199124,1.0436893203883495,Slow,Short,Budget,1,2,2,0
Maserati GranTurismo Folgore,83 kWh useable battery          Expected from June 2023,2.7,320.0,425.0,195.0,990.0,All Wheel Drive,4,250000.0,200000.0,225000.0,0.0018888804938644718,2.1683673469387754,Very Fast,Long,Luxury,0,3,0,1
Seres 3 ,51 kWh useable battery          Available since October 2021,8.9,155.0,260.0,196.0,240.0,Front Wheel Drive,5,0.0,0.0,0.0,260.0,1.3197969543147208,Medium,Short,,1,1,2,4
VinFast VF 8 Eco Standard Range,82 kWh useable battery          Expected from May 2023,5.9,200.0,405.0,202.0,560.0,All Wheel Drive,5,61700.0,0.0,30850.0,0.013127613367475933,1.9950738916256157,Medium,Long,Budget,0,1,0,0
VinFast VF 8 Eco Extended Range,87.7 kWh useable battery          Expected from May 2023,5.9,200.0,425.0,206.0,550.0,All Wheel Drive,5,63850.0,0.0,31925.0,0.013312034078807242,2.0531400966183573,Medium,Long,Budget,0,1,0,0
VinFast VF 8 Plus Standard Range,82 kWh useable battery          Expected from May 2023,5.5,200.0,400.0,205.0,560.0,All Wheel Drive,5,68700.0,0.0,34350.0,0.011644493610084131,1.941747572815534,Medium,Medium,Budget,0,1,1,0
VinFast VF 8 Plus Extended Range,87.7 kWh useable battery          Expected from May 2023,5.5,200.0,425.0,206.0,550.0,All Wheel Drive,5,72500.0,0.0,36250.0,0.011723814515461643,2.0531400966183573,Medium,Long,Budget,0,1,0,0
VinFast VF 9 Standard Range,92 kWh useable battery          Expected from June 2023,6.5,200.0,400.0,230.0,540.0,All Wheel Drive,7,82250.0,0.0,41125.0,0.009726207265476827,1.7316017316017316,Medium,Medium,Budget,0,1,1,0
VinFast VF 9 Extended Range,123 kWh useable battery          Expected from June 2023,6.5,200.0,520.0,237.0,520.0,All Wheel Drive,7,89800.0,0.0,44900.0,0.011581033829981515,2.1848739495798317,Medium,Very Long,Budget,0,1,3,0
Jaguar I-Pace EV400,84.7 kWh useable battery          Available since January 2023,4.8,200.0,380.0,223.0,360.0,All Wheel Drive,5,92400.0,69995.0,81197.5,0.004679889406824018,1.6964285714285714,Medium,Medium,Mid-range,0,1,1,2
Dacia Spring Electric 65 Extreme,25 kWh useable battery          Available since January 2023,13.7,125.0,160.0,156.0,170.0,Front Wheel Drive,4,24550.0,0.0,12275.0,0.013033561420658195,1.019108280254777,Slow,Short,Budget,1,2,2,0
ORA Funky Cat 63 kWh,59.3 kWh useable battery          Available since April 2023,8.2,160.0,340.0,174.0,240.0,Front Wheel Drive,5,44490.0,0.0,22245.0,0.015283646498246876,1.9428571428571428,Medium,Medium,Budget,1,1,1,0
ORA Funky Cat GT,59.3 kWh useable battery          Available since April 2023,8.2,160.0,330.0,180.0,230.0,Front Wheel Drive,5,49490.0,0.0,24745.0,0.013335488563808293,1.8232044198895028,Medium,Medium,Budget,1,1,1,0
Jeep Avenger Electric ,50.8 kWh useable battery          Available since January 2023,9.0,150.0,300.0,169.0,480.0,Front Wheel Drive,5,37000.0,34800.0,35900.0,0.008356313194618534,1.7647058823529411,Slow,Short,Budget,1,2,2,0
Polestar 2 Standard Range Single Motor,67 kWh useable battery          Available since January 2023,6.4,205.0,385.0,174.0,620.0,Rear Wheel Drive,5,50775.0,44950.0,47862.5,0.008043707626897323,2.2,Fast,Medium,Budget,2,0,1,0
Polestar 2 Long Range Single Motor,78 kWh useable battery          Available since January 2023,6.2,205.0,440.0,177.0,680.0,Rear Wheel Drive,5,54475.0,48950.0,51712.5,0.008508416564340066,2.4719101123595504,Fast,Long,Mid-range,2,0,0,2
Polestar 2 Long Range Dual Motor,78 kWh useable battery          Available since January 2023,4.5,205.0,420.0,186.0,650.0,All Wheel Drive,5,58775.0,52950.0,55862.5,0.007518325919428607,2.2459893048128343,Fast,Long,Mid-range,0,0,0,2
Polestar 2 Long Range Performance,78 kWh useable battery          Available since January 2023,4.2,205.0,410.0,190.0,630.0,All Wheel Drive,5,65275.0,57950.0,61612.5,0.006654385808304998,2.1465968586387434,Fast,Long,Mid-range,0,0,0,2
XPENG P7 RWD Long Range,82.7 kWh useable battery          Available since February 2023,6.7,200.0,500.0,165.0,700.0,Rear Wheel Drive,5,0.0,0.0,0.0,500.0,3.0120481927710845,Medium,Long,,2,1,0,4
XPENG P7 AWD Performance,82.7 kWh useable battery          Available since February 2023,4.1,200.0,470.0,176.0,650.0,All Wheel Drive,5,0.0,0.0,0.0,470.0,2.6553672316384183,Medium,Long,,0,1,0,4
XPENG P7 Wing Edition,82.7 kWh useable battery          Available since February 2023,4.1,200.0,465.0,178.0,650.0,All Wheel Drive,5,0.0,0.0,0.0,465.0,2.5977653631284916,Medium,Long,,0,1,0,4
XPENG G9 RWD Standard Range,75 kWh useable battery          Available since February 2023,6.4,200.0,375.0,200.0,780.0,Rear Wheel Drive,5,0.0,0.0,0.0,375.0,1.8656716417910448,Medium,Medium,,2,1,1,4
XPENG G9 RWD Long Range,94 kWh useable battery          Available since February 2023,6.4,200.0,470.0,200.0,980.0,Rear Wheel Drive,5,0.0,0.0,0.0,470.0,2.3383084577114426,Medium,Long,,2,1,0,4
XPENG G9 AWD Long Range,94 kWh useable battery          Available since February 2023,3.9,200.0,440.0,214.0,920.0,All Wheel Drive,5,0.0,0.0,0.0,440.0,2.046511627906977,Medium,Long,,0,1,0,4
Mini Cooper SE Convertible,28.9 kWh useable battery          Available since April 2023,8.2,150.0,170.0,170.0,240.0,Front Wheel Drive,4,60000.0,52500.0,56250.0,0.003022168494782315,0.9941520467836257,Slow,Short,Mid-range,1,2,2,2
Volkswagen ID.4 GTX,77 kWh useable battery          Available since July 2022,6.3,180.0,400.0,193.0,560.0,All Wheel Drive,5,53255.0,52865.0,53060.0,0.007538493432087597,2.0618556701030926,Medium,Medium,Mid-range,0,1,1,2
Hyundai Kona Electric 48 kWh,48.4 kWh useable battery          Expected from September 2023,10.0,155.0,300.0,161.0,290.0,Front Wheel Drive,5,40000.0,35000.0,37500.0,0.007999786672355404,1.8518518518518519,Medium,Short,Budget,1,1,2,0
Hyundai Kona Electric 65 kWh,65.4 kWh useable battery          Expected from September 2023,8.0,167.0,400.0,164.0,410.0,Front Wheel Drive,5,48000.0,40000.0,44000.0,0.009090702484034454,2.4242424242424243,Medium,Medium,Budget,1,1,1,0
Volkswagen ID.3 Pro,58 kWh useable battery          Available since March 2023,7.3,160.0,350.0,166.0,450.0,Rear Wheel Drive,5,39995.0,35000.0,37497.5,0.009333706681600598,2.095808383233533,Medium,Medium,Budget,2,1,1,0
Volkswagen ID.3 Pro S - 4 Seats,77 kWh useable battery          Available since March 2023,7.9,160.0,455.0,169.0,680.0,Rear Wheel Drive,4,47595.0,43000.0,45297.5,0.01004448270914048,2.676470588235294,Medium,Long,Budget,2,1,0,0
Kia EV9 99.8 kWh RWD,99.8 kWh useable battery          Expected from September 2023,9.4,180.0,460.0,217.0,870.0,Rear Wheel Drive,7,65000.0,60000.0,62500.0,0.00735988224188413,2.110091743119266,Medium,Long,Mid-range,2,1,0,2
Kia EV9 99.8 kWh AWD,99.8 kWh useable battery          Expected from September 2023,5.3,180.0,450.0,222.0,850.0,All Wheel Drive,7,70000.0,65000.0,67500.0,0.006666567902697738,2.0179372197309418,Medium,Long,Mid-range,0,1,0,2
Maxus MIFA 9 ,90 kWh useable battery          Available since February 2023,9.2,180.0,345.0,261.0,290.0,Front Wheel Drive,7,0.0,64306.0,32153.0,0.01072961373390558,1.316793893129771,Medium,Medium,Budget,1,1,1,0
BMW i7 M70 xDrive,101.7 kWh useable battery          Expected from September 2023,3.7,250.0,490.0,208.0,730.0,All Wheel Drive,5,200000.0,175000.0,187500.0,0.0026133193956298898,2.3444976076555024,Fast,Long,Luxury,0,0,0,1
Volkswagen ID.7 Pro,77 kWh useable battery          Expected from October 2023,8.0,180.0,470.0,164.0,700.0,Rear Wheel Drive,5,55000.0,53000.0,54000.0,0.008703542526990241,2.8484848484848486,Medium,Long,Mid-range,2,1,0,2
Volkswagen ID.7 Pro S,86 kWh useable battery          Expected from October 2023,7.0,180.0,520.0,165.0,800.0,Rear Wheel Drive,5,60000.0,56000.0,58000.0,0.008965362666160928,3.1325301204819276,Medium,Very Long,Mid-range,2,1,3,2
Polestar 4 Long Range Single Motor,94 kWh useable battery          Expected from February 2024,7.4,180.0,510.0,184.0,760.0,Rear Wheel Drive,5,60000.0,55000.0,57500.0,0.008869410966765795,2.7567567567567566,Medium,Very Long,Mid-range,2,1,3,2
Polestar 4 Long Range Dual Motor,94 kWh useable battery          Expected from February 2024,3.8,200.0,475.0,198.0,710.0,All Wheel Drive,5,65000.0,60000.0,62500.0,0.007599878401945569,2.386934673366834,Medium,Long,Mid-range,0,1,0,2
Maserati Grecale Folgore,95 kWh useable battery          Expected from September 2023,4.1,220.0,405.0,235.0,440.0,All Wheel Drive,5,0.0,135000.0,67500.0,0.005999911112427964,1.7161016949152543,Fast,Long,Mid-range,0,0,0,2
Opel Ampera-e ,Battery Electric Vehicle |       58 kWh ,7.3,150.0,335.0,173.0,210.0,Front Wheel Drive,5,42990.0,0.0,21495.0,0.015584294752512095,1.9252873563218391,Slow,Medium,Budget,1,2,1,0
Renault Kangoo Maxi ZE 33,Battery Electric Vehicle |       31 kWh ,22.4,130.0,160.0,194.0,0.0,Front Wheel Drive,5,0.0,31680.0,15840.0,0.010100372451234138,0.8205128205128205,Slow,Short,Budget,1,2,2,0
Audi e-tron Sportback 55 quattro,Battery Electric Vehicle |       86.5 kWh,5.7,200.0,375.0,231.0,600.0,All Wheel Drive,5,0.0,79900.0,39950.0,0.009386498460614252,1.6163793103448276,Medium,Medium,Budget,0,1,1,0
Nissan e-NV200 Evalia ,Battery Electric Vehicle |       36 kWh ,14.0,123.0,165.0,218.0,170.0,Front Wheel Drive,7,43433.0,30255.0,36844.0,0.004478219568462478,0.7534246575342466,Slow,Short,Budget,1,2,2,0
Volkswagen ID.3 Pure Performance,Battery Electric Vehicle |       45 kWh,8.9,160.0,275.0,164.0,260.0,Rear Wheel Drive,5,31960.0,27120.0,29540.0,0.009309095832910192,1.6666666666666667,Medium,Short,Budget,2,1,2,0
BMW i3 120 Ah,Battery Electric Vehicle |       37.9 kWh,7.3,150.0,235.0,161.0,270.0,Rear Wheel Drive,4,39000.0,31305.0,35152.5,0.006684967357446627,1.4506172839506173,Slow,Short,Budget,2,2,2,0
DS 3 Crossback E-Tense,Battery Electric Vehicle |       45 kWh ,8.7,150.0,250.0,180.0,330.0,Front Wheel Drive,5,30040.0,31500.0,30770.0,0.008124532839361737,1.3812154696132597,Slow,Short,Budget,1,2,2,0
BMW i3s 120 Ah,Battery Electric Vehicle |       37.9 kWh,6.9,160.0,230.0,165.0,260.0,Rear Wheel Drive,4,42600.0,32305.0,37452.5,0.006140948108988479,1.3855421686746987,Medium,Short,Budget,2,1,2,0
Sono Sion ,Battery Electric Vehicle |       47 kWh ,9.0,140.0,260.0,181.0,310.0,Front Wheel Drive,5,25500.0,0.0,12750.0,0.02039055760332523,1.4285714285714286,Slow,Short,Budget,1,2,2,0
Hyundai IONIQ Electric,Battery Electric Vehicle |       38.3 kWh,9.7,165.0,250.0,153.0,220.0,Front Wheel Drive,5,35350.0,30550.0,32950.0,0.007587023155594671,1.6233766233766234,Medium,Short,Budget,1,1,2,0
Lightyear One ,Battery Electric Vehicle |       60 kWh ,10.0,150.0,575.0,104.0,540.0,All Wheel Drive,5,149000.0,0.0,74500.0,0.007718017207822714,5.476190476190476,Slow,Very Long,Mid-range,0,2,3,2
Tesla Roadster ,Battery Electric Vehicle |       200 kWh ,2.1000000000000005,410.0,970.0,206.0,920.0,All Wheel Drive,4,215000.0,189000.0,202000.0,0.004801956425958287,4.685990338164252,Very Fast,Very Long,Luxury,0,3,3,1
Honda e ,Battery Electric Vehicle |       28.5 kWh ,9.0,145.0,170.0,168.0,190.0,Rear Wheel Drive,4,33850.0,27660.0,30755.0,0.005527376772011965,1.0059171597633136,Slow,Short,Budget,2,2,2,0
CUPRA Born 110 kW - 55 kWh,Battery Electric Vehicle |       45 kWh,8.9,160.0,275.0,164.0,440.0,Rear Wheel Drive,5,32700.000000000004,28500.0,30600.0,0.008986634423711644,1.6666666666666667,Medium,Short,Budget,2,1,2,0
Skoda Enyaq iV 50,Battery Electric Vehicle |       52 kWh,11.3,160.0,295.0,176.0,240.0,Rear Wheel Drive,5,33800.0,0.0,16900.0,0.01745458848588841,1.6666666666666667,Medium,Short,Budget,2,1,2,0
SEAT Mii Electric ,Battery Electric Vehicle |       32.3 kWh,12.3,130.0,205.0,158.0,170.0,Front Wheel Drive,4,24650.0,0.0,12325.0,0.016631510627940937,1.2893081761006289,Slow,Short,Budget,1,2,2,0
MG ZS EV,Battery Electric Vehicle |       42.5 kWh ,8.2,140.0,220.0,193.0,260.0,Front Wheel Drive,5,31990.0,25995.0,28992.5,0.007587907634469795,1.134020618556701,Slow,Short,Budget,1,2,2,0
Volkswagen ID.3 Pro S,Battery Electric Vehicle |       77 kWh,7.9,160.0,450.0,171.0,550.0,Rear Wheel Drive,4,41995.0,38800.0,40397.5,0.011139027439137592,2.616279069767442,Medium,Long,Budget,2,1,0,0
Audi e-tron 50 quattro,Battery Electric Vehicle |       64.7 kWh,6.8,190.0,280.0,231.0,470.0,All Wheel Drive,5,69100.0,60600.0,64850.0,0.0043175895514332855,1.206896551724138,Medium,Short,Mid-range,0,1,2,2
Smart EQ forfour ,Battery Electric Vehicle |       16.7 kWh ,12.7,130.0,95.0,176.0,0.0,Rear Wheel Drive,4,19120.0,19795.0,19457.5,0.004882185163296246,0.536723163841808,Slow,Short,Budget,2,2,2,0
Byton M-Byte 72 kWh 2WD,Battery Electric Vehicle |       72 kWh ,7.5,190.0,325.0,222.0,420.0,Rear Wheel Drive,5,53500.0,50000.0,51750.0,0.0062800718826689335,1.4573991031390134,Medium,Medium,Mid-range,2,1,1,2
Byton M-Byte 95 kWh 4WD,Battery Electric Vehicle |       95 kWh ,5.5,190.0,390.0,244.0,460.0,All Wheel Drive,5,64000.0,60000.0,62000.0,0.006290221125465718,1.5918367346938775,Medium,Medium,Mid-range,0,1,1,2
Renault Zoe ZE40 R110,Battery Electric Vehicle |       41 kWh,11.4,135.0,255.0,161.0,230.0,Front Wheel Drive,5,29990.0,0.0,14995.0,0.017004534542544678,1.5740740740740742,Slow,Short,Budget,1,2,2,0
Audi e-tron Sportback 50 quattro,Battery Electric Vehicle |       64.7 kWh,6.8,190.0,295.0,219.0,490.0,All Wheel Drive,5,71350.0,69100.0,70225.0,0.00420072337880557,1.3409090909090908,Medium,Short,Mid-range,0,1,2,2
Tesla Cybertruck Single Motor,Battery Electric Vehicle |       100 kWh ,7.0,180.0,390.0,256.0,740.0,Rear Wheel Drive,7,45000.0,39000.0,42000.0,0.009285493202542797,1.517509727626459,Medium,Medium,Budget,2,1,1,0
Tesla Cybertruck Dual Motor,Battery Electric Vehicle |       120 kWh ,5.0,190.0,460.0,261.0,710.0,All Wheel Drive,7,55000.0,48000.0,51500.0,0.008931865400671831,1.7557251908396947,Medium,Long,Mid-range,0,1,0,2
Tesla Cybertruck Tri Motor,Battery Electric Vehicle |       200 kWh ,3.0,210.0,750.0,267.0,710.0,All Wheel Drive,7,75000.0,68000.0,71500.0,0.010489363785121886,2.798507462686567,Fast,Very Long,Mid-range,0,0,3,2
Audi e-tron 55 quattro,Battery Electric Vehicle |       86.5 kWh,5.7,200.0,365.0,237.0,590.0,All Wheel Drive,5,0.0,71500.0,35750.0,0.01020950462924114,1.5336134453781514,Medium,Medium,Budget,0,1,1,0
Audi e-tron S 55 quattro,Battery Electric Vehicle |       86.5 kWh,4.5,210.0,320.0,270.0,510.0,All Wheel Drive,5,93800.0,87000.0,90400.0,0.0035397838519485403,1.1808118081180812,Fast,Medium,Mid-range,0,0,1,2
Audi e-tron S Sportback 55 quattro,Battery Electric Vehicle |       86.5 kWh,4.5,210.0,335.0,258.0,540.0,All Wheel Drive,5,96050.0,88700.0,92375.0,0.003626483069195462,1.2934362934362935,Fast,Medium,Mid-range,0,0,1,2
Volkswagen ID.4 1st,Battery Electric Vehicle |       77 kWh,8.5,160.0,410.0,188.0,500.0,Rear Wheel Drive,5,0.0,40800.0,20400.0,0.020097054065977157,2.1693121693121693,Medium,Long,Budget,2,1,0,0
Byton M-Byte 95 kWh 2WD,Battery Electric Vehicle |       95 kWh ,7.5,190.0,400.0,238.0,480.0,Rear Wheel Drive,5,62000.0,57500.0,59750.0,0.006694448628474837,1.6736401673640167,Medium,Medium,Mid-range,2,1,1,2
Fiat 500e Cabrio,Battery Electric Vehicle |       37.3 kWh ,9.0,150.0,245.0,152.0,410.0,Front Wheel Drive,4,30560.0,26645.0,28602.5,0.008565385354939082,1.6013071895424837,Slow,Short,Budget,1,2,2,0
Skoda Enyaq iV 80X,Battery Electric Vehicle |       77 kWh,6.9,160.0,405.0,190.0,500.0,All Wheel Drive,5,47000.0,42000.0,44500.0,0.009100919080470102,2.1204188481675392,Medium,Long,Budget,0,1,0,0
Kia e-Soul 39 kWh,Battery Electric Vehicle |       39.2 kWh,9.9,157.0,230.0,170.0,220.0,Front Wheel Drive,5,33990.0,0.0,16995.0,0.013532595904918805,1.345029239766082,Medium,Short,Budget,1,1,2,0
Nissan Ariya e-4ORCE 63kWh,Battery Electric Vehicle |       63 kWh,5.9,200.0,325.0,194.0,440.0,All Wheel Drive,5,50000.0,45000.0,47500.0,0.006841961221869013,1.6666666666666667,Medium,Medium,Budget,0,1,1,0
Nissan Ariya e-4ORCE 87kWh,Battery Electric Vehicle |       87 kWh,5.7,200.0,420.0,207.0,500.0,All Wheel Drive,5,57500.0,52500.0,55000.0,0.007636224795912801,2.019230769230769,Medium,Long,Mid-range,0,1,0,2
Nissan Ariya e-4ORCE 87kWh Performance,Battery Electric Vehicle |       87 kWh,5.1,200.0,385.0,226.0,460.0,All Wheel Drive,5,65000.0,57500.0,61250.0,0.006285611663483045,1.696035242290749,Medium,Medium,Mid-range,0,1,1,2
Volkswagen ID.3 Pro Performance,Battery Electric Vehicle |       58 kWh,7.3,160.0,350.0,166.0,440.0,Rear Wheel Drive,5,36495.0,29740.0,33117.5,0.010568111478478796,2.095808383233533,Medium,Medium,Budget,2,1,1,0
MG MG5 EV,Battery Electric Vehicle |       48.8 kWh,7.7,185.0,295.0,165.0,340.0,Front Wheel Drive,5,0.0,25095.0,12547.5,0.023508785910666612,1.7771084337349397,Medium,Short,Budget,1,1,2,0
Dacia Spring Electric,Battery Electric Vehicle |       26.8 kWh ,15.0,125.0,170.0,158.0,120.0,Front Wheel Drive,4,20490.0,0.0,10245.0,0.016591840718329105,1.069182389937107,Slow,Short,Budget,1,2,2,0
Tesla Model 3 Standard Range Plus LFP,Battery Electric Vehicle |       51 kWh ,5.6,225.0,340.0,150.0,570.0,Rear Wheel Drive,5,43560.0,40990.0,42275.0,0.008042388116188855,2.251655629139073,Fast,Medium,Budget,2,0,1,0
Fiat 500e 3+1,Battery Electric Vehicle |       37.3 kWh ,9.0,150.0,245.0,152.0,410.0,Front Wheel Drive,4,29560.0,0.0,14780.0,0.01657533319802449,1.6013071895424837,Slow,Short,Budget,1,2,2,0
Kia e-Niro 64 kWh,Battery Electric Vehicle |       64 kWh,7.8,167.0,370.0,173.0,350.0,Front Wheel Drive,5,39090.0,32445.0,35767.5,0.010344297356612662,2.1264367816091956,Medium,Medium,Budget,1,1,1,0
Kia e-Niro 39 kWh,Battery Electric Vehicle |       39.2 kWh,9.8,155.0,235.0,167.0,230.0,Front Wheel Drive,5,35290.0,30345.0,32817.5,0.0071605953958895135,1.3988095238095237,Medium,Short,Budget,1,1,2,0
Citroen e-SpaceTourer XS 50 kWh,Battery Electric Vehicle |       45 kWh ,12.1,130.0,185.0,243.0,250.0,Front Wheel Drive,7,50880.0,0.0,25440.0,0.007271726740301089,0.7581967213114754,Slow,Short,Budget,1,2,2,0
Opel Zafira-e Life S 50 kWh,Battery Electric Vehicle |       45 kWh ,12.1,130.0,185.0,243.0,250.0,Front Wheel Drive,7,56700.0,0.0,28350.0,0.0065253430214101795,0.7581967213114754,Slow,Short,Budget,1,2,2,0
Peugeot e-Traveller Compact 50 kWh,Battery Electric Vehicle |       45 kWh ,12.1,130.0,185.0,243.0,250.0,Front Wheel Drive,7,50880.0,0.0,25440.0,0.007271726740301089,0.7581967213114754,Slow,Short,Budget,1,2,2,0
Hyundai IONIQ 5 Project 45,Battery Electric Vehicle |       72.6 kWh ,5.2,185.0,370.0,196.0,860.0,All Wheel Drive,5,59550.0,48000.0,53775.0,0.0068803927402558765,1.8781725888324874,Medium,Medium,Mid-range,0,1,1,2
Tesla Model S Long Range,Battery Electric Vehicle |       90 kWh ,3.2,250.0,555.0,162.0,830.0,All Wheel Drive,5,86990.0,83980.0,85485.0,0.00649229113539059,3.4049079754601226,Fast,Very Long,Mid-range,0,0,3,2
Tesla Model X Long Range,Battery Electric Vehicle |       90 kWh ,3.9,250.0,475.0,189.0,710.0,All Wheel Drive,7,95990.0,90980.0,93485.0,0.0050809746913976425,2.5,Fast,Long,Mid-range,0,0,0,2
Volvo C40 Recharge,Battery Electric Vehicle |       75 kWh,4.7,180.0,340.0,221.0,440.0,All Wheel Drive,5,62050.0,57400.0,59725.0,0.005692663161772093,1.5315315315315314,Medium,Medium,Mid-range,0,1,1,2
MG MG5 Electric,Battery Electric Vehicle |       57 kWh ,8.3,180.0,340.0,168.0,440.0,Front Wheel Drive,5,35000.0,0.0,17500.0,0.019427461287926405,2.0118343195266273,Medium,Medium,Budget,1,1,1,0
Hyundai IONIQ 5 Standard Range AWD,Battery Electric Vehicle |       58 kWh ,6.1,185.0,305.0,190.0,710.0,All Wheel Drive,5,45700.0,0.0,22850.0,0.013347337096844778,1.5968586387434556,Medium,Medium,Budget,0,1,1,0
Tesla Model 3 Standard Range Plus,Battery Electric Vehicle |       50 kWh ,5.6,225.0,340.0,147.0,680.0,Rear Wheel Drive,5,43560.0,40990.0,42275.0,0.008042388116188855,2.2972972972972974,Fast,Medium,Budget,2,0,1,0
Toyota PROACE Verso M 50 kWh,Battery Electric Vehicle |       45 kWh ,12.1,130.0,185.0,243.0,250.0,Front Wheel Drive,7,58530.0,0.0,29265.0,0.006321328504066152,0.7581967213114754,Slow,Short,Budget,1,2,2,0
Toyota PROACE Verso L 50 kWh,Battery Electric Vehicle |       45 kWh ,12.1,130.0,180.0,250.0,240.0,Front Wheel Drive,7,59385.0,0.0,29692.5,0.006061932746223921,0.7171314741035857,Slow,Short,Budget,1,2,2,0
CUPRA Born 150 kW - 62 kWh,Battery Electric Vehicle |       58 kWh,7.3,160.0,350.0,166.0,440.0,Rear Wheel Drive,5,36770.0,30500.0,33635.0,0.010405517897490784,2.095808383233533,Medium,Medium,Budget,2,1,1,0
CUPRA Born 170 kW - 62 kWh,Battery Electric Vehicle |       58 kWh,6.6,160.0,345.0,168.0,430.0,Rear Wheel Drive,5,39000.0,31500.0,35250.0,0.009786956398400045,2.0414201183431953,Medium,Medium,Budget,2,1,1,0
CUPRA Born 170 kW - 82 kWh,Battery Electric Vehicle |       77 kWh,7.0,160.0,450.0,171.0,550.0,Rear Wheel Drive,5,43000.0,42000.0,42500.0,0.010587986165031411,2.616279069767442,Medium,Long,Budget,2,1,0,0
Volvo XC40 Recharge Twin Pure Electric,Battery Electric Vehicle |       75 kWh,4.9,180.0,340.0,221.0,440.0,All Wheel Drive,5,59250.0,49950.0,54600.0,0.006226992179630409,1.5315315315315314,Medium,Medium,Mid-range,0,1,1,2
Renault Megane E-Tech Electric,Battery Electric Vehicle |       60 kWh ,8.0,160.0,335.0,179.0,480.0,Front Wheel Drive,5,38000.0,32500.0,35250.0,0.009503276502794247,1.8611111111111112,Medium,Medium,Budget,1,1,1,0
MG MG5 EV Long Range,Battery Electric Vehicle |       57 kWh ,7.7,185.0,340.0,168.0,340.0,Front Wheel Drive,5,0.0,26495.0,13247.5,0.02566328263577009,2.0118343195266273,Medium,Medium,Budget,1,1,1,0
